-- MySQL dump 10.13  Distrib 5.7.17, for Linux (x86_64)
--
-- Host: localhost    Database: iRulez
-- ------------------------------------------------------
-- Server version	5.7.17-0ubuntu0.16.04.1

/*!40101 SET @OLD_CHARACTER_SET_CLIENT=@@CHARACTER_SET_CLIENT */;
/*!40101 SET @OLD_CHARACTER_SET_RESULTS=@@CHARACTER_SET_RESULTS */;
/*!40101 SET @OLD_COLLATION_CONNECTION=@@COLLATION_CONNECTION */;
/*!40101 SET NAMES utf8 */;
/*!40103 SET @OLD_TIME_ZONE=@@TIME_ZONE */;
/*!40103 SET TIME_ZONE='+00:00' */;
/*!40014 SET @OLD_UNIQUE_CHECKS=@@UNIQUE_CHECKS, UNIQUE_CHECKS=0 */;
/*!40014 SET @OLD_FOREIGN_KEY_CHECKS=@@FOREIGN_KEY_CHECKS, FOREIGN_KEY_CHECKS=0 */;
/*!40101 SET @OLD_SQL_MODE=@@SQL_MODE, SQL_MODE='NO_AUTO_VALUE_ON_ZERO' */;
/*!40111 SET @OLD_SQL_NOTES=@@SQL_NOTES, SQL_NOTES=0 */;

--
-- Table structure for table `Core_Arduino_Outputs`
--

DROP TABLE IF EXISTS `Core_Arduino_Outputs`;
/*!40101 SET @saved_cs_client     = @@character_set_client */;
/*!40101 SET character_set_client = utf8 */;
CREATE TABLE `Core_Arduino_Outputs` (
  `id` int(5) NOT NULL AUTO_INCREMENT,
  `naam` varchar(32) NOT NULL,
  `omschrijving` text,
  `circuit` varchar(5) DEFAULT NULL,
  `differential` varchar(5) DEFAULT NULL,
  `arduino` int(5) NOT NULL,
  `pin` int(5) NOT NULL,
  `monitor` int(1) NOT NULL DEFAULT '0',
  `telegram` int(1) NOT NULL DEFAULT '0',
  `notification` varchar(10) DEFAULT NULL,
  `Core_Devices_id` int(10) NOT NULL,
  `hidden` int(1) NOT NULL DEFAULT '0',
  `status` varchar(10) DEFAULT 'OFF',
  `status_time` datetime DEFAULT NULL,
  `notification_snooze` datetime DEFAULT NULL,
  `notification_dismiss` int(1) DEFAULT '0',
  PRIMARY KEY (`id`),
  UNIQUE KEY `Arduino` (`arduino`,`pin`)
) ENGINE=InnoDB AUTO_INCREMENT=113 DEFAULT CHARSET=latin1;
/*!40101 SET character_set_client = @saved_cs_client */;

--
-- Dumping data for table `Core_Arduino_Outputs`
--

LOCK TABLES `Core_Arduino_Outputs` WRITE;
/*!40000 ALTER TABLE `Core_Arduino_Outputs` DISABLE KEYS */;
INSERT INTO `Core_Arduino_Outputs` VALUES (57,'Badkamer','R6/X badkamer ','BB1','30',0,0,1,0,NULL,0,0,'OFF',NULL,NULL,0),(58,'Badkamer - Lavabo','R6/X badkamer lavabo','BB2','30',0,1,1,0,NULL,0,0,'OFF',NULL,NULL,0),(59,'Arduino0/2','R6/4 - Not Connected','NC','NC',0,2,0,0,NULL,0,0,'OFF',NULL,NULL,0),(60,'Zithoek','Dimmer beneden','K1','300',0,3,1,0,NULL,0,0,'OFF',NULL,NULL,0),(61,'Kelder 3','R4/X Kelder achter','AA1','30',0,4,1,1,'3600',0,0,'OFF',NULL,NULL,0),(62,'Kamer 2','R3/4 Kamer 2','L3','300',0,5,1,0,NULL,0,0,'OFF',NULL,NULL,0),(63,'Dressing','R3/3 Dressing','L6','300',0,6,1,0,NULL,0,0,'OFF',NULL,NULL,0),(64,'Slaapkamer 1','Dimmer Slaapkamer 1','L5','300',0,7,1,0,NULL,0,0,'OFF',NULL,NULL,0),(65,'Arduino0/8','',NULL,'300',0,8,0,0,NULL,0,0,'OFF',NULL,NULL,0),(66,'Arduino0/9','',NULL,'300',0,9,0,0,NULL,0,0,'OFF',NULL,NULL,0),(67,'Arduino0/10','',NULL,'300',0,10,0,0,NULL,0,0,'OFF',NULL,NULL,0),(68,'Arduino0/11','',NULL,'300',0,11,0,0,NULL,0,0,'OFF',NULL,NULL,0),(69,'Arduino0/12','NIET GEBRUIKEN - Dummy Rolluik2',NULL,'300',0,12,0,0,NULL,0,0,'OFF',NULL,NULL,0),(70,'Arduino0/13','NIET GEBRUIKEN - Dummy Rolluik2',NULL,'300',0,13,0,0,NULL,0,0,'ON','2017-04-05 07:08:01',NULL,0),(71,'Arduino0/14','NIET GEBRUIKEN - Dummy Rolluik1',NULL,'300',0,14,0,0,NULL,0,0,'OFF',NULL,NULL,0),(72,'Arduino0/15','NIET GEBRUIKEN - Dummy Rolluik1',NULL,'300',0,15,0,0,NULL,0,0,'ON','2017-04-05 07:08:01',NULL,0),(73,'Arduino1/0','',NULL,'300',1,0,0,0,NULL,1,0,'OFF',NULL,NULL,0),(74,'Arduino1/1','',NULL,'300',1,1,0,0,NULL,1,0,'OFF',NULL,NULL,0),(75,'Arduino1/2','',NULL,'300',1,2,0,0,NULL,1,0,'OFF',NULL,NULL,0),(76,'Arduino1/3','',NULL,'300',1,3,0,0,NULL,1,0,'OFF',NULL,NULL,0),(77,'Arduino1/4','',NULL,'300',1,4,0,0,NULL,1,0,'OFF',NULL,NULL,0),(78,'Arduino1/5','',NULL,'300',1,5,0,0,NULL,1,0,'OFF',NULL,NULL,0),(79,'Arduino1/6','',NULL,'300',1,6,0,0,NULL,1,0,'OFF',NULL,NULL,0),(80,'Arduino1/7','',NULL,'300',1,7,0,0,NULL,1,0,'OFF',NULL,NULL,0),(81,'Kelder Gang','R5/X Kelder GANG','AA2','30',1,8,1,1,'3600',1,0,'OFF',NULL,NULL,0),(82,'Kelder 2','R5/X Wijnkelder','AA4','30',1,9,1,1,'10',1,0,'OFF',NULL,NULL,0),(83,'Berging','R5/X Berging','AA5','30',1,10,1,1,NULL,1,0,'OFF',NULL,NULL,0),(84,'Kelder 1','R5/X Kelder Joke','AA3','30',1,11,1,1,'3600',1,0,'OFF',NULL,NULL,0),(85,'Arduino1/12','Rolluik 2 - AF','I2','300',1,12,0,0,NULL,1,0,'OFF',NULL,NULL,0),(86,'Arduino1/13','Rolluik 2 - OP','I2','300',1,13,0,0,NULL,1,0,'OFF',NULL,NULL,0),(87,'Arduino1/14','Rolluik 1 - AF','I1','300',1,14,0,0,NULL,1,0,'OFF',NULL,NULL,0),(88,'Arduino1/15','Rolluik 1 - OP','I1','300',1,15,0,0,NULL,1,0,'OFF',NULL,NULL,0),(89,'Voordeur ','R4/X Buitenverlichting voordeur','Z3','30',2,0,1,0,NULL,2,0,'OFF',NULL,NULL,0),(90,'Terras','R4/X Buitenverlichting Terras','Z2','30',2,1,1,1,'10',2,0,'OFF',NULL,NULL,0),(91,'Zijdeur','R4/X Buitenverlichting Zijdeur','Z1','30',2,2,1,1,'10',2,0,'OFF',NULL,NULL,0),(92,'Arduino2/3','R4/3','NC','NC',2,3,0,0,'NaN',2,0,'OFF',NULL,NULL,0),(93,'Arduino2/4','NOT CONECTED','NC','NC',2,4,0,0,NULL,2,0,'OFF',NULL,NULL,0),(94,'Arduino2/5','NOT CONECTED','NC','NC',2,5,0,0,NULL,2,0,'OFF',NULL,NULL,0),(95,'WV Beneden','R1/1 WC Benden','K4','300',2,6,1,0,NULL,2,0,'OFF',NULL,NULL,0),(96,'Eetplaats','R1/2 Eetplaats','K2','300',2,7,1,0,NULL,2,0,'OFF',NULL,NULL,0),(97,'Eiland','R1/3 Eiland','K5','300',2,8,1,0,NULL,2,0,'OFF',NULL,NULL,0),(98,'Keuken','R1/4 Keuken','K3','300',2,9,1,0,NULL,2,0,'OFF',NULL,NULL,0),(99,'Trap','R2/1 Trap','K6','300',2,10,1,0,NULL,2,0,'OFF',NULL,NULL,0),(100,'Luster','R2/2 Luster eetplaats','K8','300',2,11,1,0,NULL,2,0,'OFF',NULL,NULL,0),(101,'Gang Beneden','R2/3 Gang Beneden','K7','300',2,12,1,0,NULL,2,0,'OFF',NULL,NULL,0),(102,'Gang Boven','R2/4 Gang Boven','L1','300',2,13,1,0,NULL,2,0,'OFF',NULL,NULL,0),(103,'WC boven','R3/1 WC Boven','L4','300',2,14,1,0,NULL,2,0,'OFF',NULL,NULL,0),(104,'Kamer 3','R3/2 Kamer 3 ','L2','300',2,15,1,0,NULL,2,0,'OFF',NULL,NULL,0),(105,'Radio4/0',NULL,NULL,NULL,4,0,0,0,NULL,5,0,'OFF',NULL,NULL,0),(106,'Radio4/1',NULL,NULL,NULL,4,1,0,0,NULL,5,0,'OFF',NULL,NULL,0),(107,'Radio4/2',NULL,NULL,NULL,4,2,0,0,NULL,5,0,'OFF',NULL,NULL,0),(108,'Radio4/3',NULL,NULL,NULL,4,3,0,0,NULL,5,0,'OFF',NULL,NULL,0),(109,'Radio4/4',NULL,NULL,NULL,4,4,0,0,NULL,5,0,'OFF',NULL,NULL,0),(110,'Radio4/5',NULL,NULL,NULL,4,5,0,0,NULL,5,0,'OFF',NULL,NULL,0),(111,'Radio4/6',NULL,NULL,NULL,4,6,0,0,NULL,5,0,'OFF',NULL,NULL,0),(112,'Radio4/7',NULL,NULL,NULL,4,7,0,0,NULL,5,1,'OFF',NULL,NULL,0);
/*!40000 ALTER TABLE `Core_Arduino_Outputs` ENABLE KEYS */;
UNLOCK TABLES;
/*!50003 SET @saved_cs_client      = @@character_set_client */ ;
/*!50003 SET @saved_cs_results     = @@character_set_results */ ;
/*!50003 SET @saved_col_connection = @@collation_connection */ ;
/*!50003 SET character_set_client  = utf8mb4 */ ;
/*!50003 SET character_set_results = utf8mb4 */ ;
/*!50003 SET collation_connection  = utf8mb4_general_ci */ ;
/*!50003 SET @saved_sql_mode       = @@sql_mode */ ;
/*!50003 SET sql_mode              = 'NO_AUTO_VALUE_ON_ZERO' */ ;
DELIMITER ;;
/*!50003 CREATE*/ /*!50017 DEFINER=`root`@`localhost`*/ /*!50003 TRIGGER `Delete dependend actions Arduino` AFTER DELETE ON `Core_Arduino_Outputs` FOR EACH ROW DELETE FROM Core_vButtonDB_actions_Arduino WHERE Core_vButtonDB_actions_Arduino.Core_Arduino_Outputs_id = old.id */;;
DELIMITER ;
/*!50003 SET sql_mode              = @saved_sql_mode */ ;
/*!50003 SET character_set_client  = @saved_cs_client */ ;
/*!50003 SET character_set_results = @saved_cs_results */ ;
/*!50003 SET collation_connection  = @saved_col_connection */ ;
/*!50003 SET @saved_cs_client      = @@character_set_client */ ;
/*!50003 SET @saved_cs_results     = @@character_set_results */ ;
/*!50003 SET @saved_col_connection = @@collation_connection */ ;
/*!50003 SET character_set_client  = utf8mb4 */ ;
/*!50003 SET character_set_results = utf8mb4 */ ;
/*!50003 SET collation_connection  = utf8mb4_general_ci */ ;
/*!50003 SET @saved_sql_mode       = @@sql_mode */ ;
/*!50003 SET sql_mode              = 'NO_AUTO_VALUE_ON_ZERO' */ ;
DELIMITER ;;
/*!50003 CREATE*/ /*!50017 DEFINER=`root`@`localhost`*/ /*!50003 TRIGGER `Delete dependent Condition` AFTER DELETE ON `Core_Arduino_Outputs` FOR EACH ROW DELETE FROM Core_vButtonDB_actions_Conditions WHERE Core_vButtonDB_actions_Conditions.Core_Arduino_Outputs_id = old.id */;;
DELIMITER ;
/*!50003 SET sql_mode              = @saved_sql_mode */ ;
/*!50003 SET character_set_client  = @saved_cs_client */ ;
/*!50003 SET character_set_results = @saved_cs_results */ ;
/*!50003 SET collation_connection  = @saved_col_connection */ ;
/*!50003 SET @saved_cs_client      = @@character_set_client */ ;
/*!50003 SET @saved_cs_results     = @@character_set_results */ ;
/*!50003 SET @saved_col_connection = @@collation_connection */ ;
/*!50003 SET character_set_client  = utf8mb4 */ ;
/*!50003 SET character_set_results = utf8mb4 */ ;
/*!50003 SET collation_connection  = utf8mb4_general_ci */ ;
/*!50003 SET @saved_sql_mode       = @@sql_mode */ ;
/*!50003 SET sql_mode              = 'NO_AUTO_VALUE_ON_ZERO' */ ;
DELIMITER ;;
/*!50003 CREATE*/ /*!50017 DEFINER=`root`@`localhost`*/ /*!50003 TRIGGER `Delete dependent FBL` AFTER DELETE ON `Core_Arduino_Outputs` FOR EACH ROW DELETE FROM Core_vButtonDB_actions_FBL WHERE Core_vButtonDB_actions_FBL.Core_Arduino_Outputs_id = old.id */;;
DELIMITER ;
/*!50003 SET sql_mode              = @saved_sql_mode */ ;
/*!50003 SET character_set_client  = @saved_cs_client */ ;
/*!50003 SET character_set_results = @saved_cs_results */ ;
/*!50003 SET collation_connection  = @saved_col_connection */ ;

--
-- Table structure for table `Core_Devices`
--

DROP TABLE IF EXISTS `Core_Devices`;
/*!40101 SET @saved_cs_client     = @@character_set_client */;
/*!40101 SET character_set_client = utf8 */;
CREATE TABLE `Core_Devices` (
  `id` int(11) NOT NULL AUTO_INCREMENT,
  `MAC` varchar(12) NOT NULL,
  `Nummer` varchar(10) NOT NULL,
  `Arduino_Type` int(10) NOT NULL,
  `Versie` varchar(25) DEFAULT NULL,
  `Type` varchar(255) DEFAULT NULL,
  `IP` varchar(15) DEFAULT NULL,
  `Ping` tinyint(1) DEFAULT '10',
  `MQTT` int(5) DEFAULT '10',
  `temperature` double DEFAULT NULL,
  `humidity` double DEFAULT NULL,
  PRIMARY KEY (`id`),
  UNIQUE KEY `MAC` (`MAC`)
) ENGINE=InnoDB AUTO_INCREMENT=7 DEFAULT CHARSET=latin1;
/*!40101 SET character_set_client = @saved_cs_client */;

--
-- Dumping data for table `Core_Devices`
--

LOCK TABLES `Core_Devices` WRITE;
/*!40000 ALTER TABLE `Core_Devices` DISABLE KEYS */;
INSERT INTO `Core_Devices` VALUES (0,'DEADBEEFFEE1','Arduino0',1,'13.1','iRulez_16IO_Board','10.0.40.6',0,0,NULL,NULL),(1,'DEADBEEFFEE2','Arduino1',1,'13.1','iRulez_16IO_Board','10.0.40.4',0,0,NULL,NULL),(2,'DEADBEEFFEE3','arduino2',1,'13.1','iRulez_16IO_Board','10.0.40.5',0,0,NULL,NULL),(3,'Virtual','Arduino3',4,'N/A','N/A','N/A',10,10,NULL,NULL),(4,'abcdefg','Kodi0',3,NULL,NULL,NULL,10,10,NULL,NULL),(5,'aabbccddee','Arduino4',2,NULL,NULL,NULL,10,10,NULL,NULL),(6,'dsfdsfd','Kodi1',3,NULL,NULL,NULL,10,10,NULL,NULL);
/*!40000 ALTER TABLE `Core_Devices` ENABLE KEYS */;
UNLOCK TABLES;
/*!50003 SET @saved_cs_client      = @@character_set_client */ ;
/*!50003 SET @saved_cs_results     = @@character_set_results */ ;
/*!50003 SET @saved_col_connection = @@collation_connection */ ;
/*!50003 SET character_set_client  = utf8mb4 */ ;
/*!50003 SET character_set_results = utf8mb4 */ ;
/*!50003 SET collation_connection  = utf8mb4_general_ci */ ;
/*!50003 SET @saved_sql_mode       = @@sql_mode */ ;
/*!50003 SET sql_mode              = 'NO_AUTO_VALUE_ON_ZERO' */ ;
DELIMITER ;;
/*!50003 CREATE*/ /*!50017 DEFINER=`root`@`localhost`*/ /*!50003 TRIGGER `Delete Core_Device - Core_vButtonDB` AFTER DELETE ON `Core_Devices` FOR EACH ROW DELETE FROM Core_vButtonDB WHERE Core_vButtonDB.Core_Devices = old.id */;;
DELIMITER ;
/*!50003 SET sql_mode              = @saved_sql_mode */ ;
/*!50003 SET character_set_client  = @saved_cs_client */ ;
/*!50003 SET character_set_results = @saved_cs_results */ ;
/*!50003 SET collation_connection  = @saved_col_connection */ ;
/*!50003 SET @saved_cs_client      = @@character_set_client */ ;
/*!50003 SET @saved_cs_results     = @@character_set_results */ ;
/*!50003 SET @saved_col_connection = @@collation_connection */ ;
/*!50003 SET character_set_client  = utf8mb4 */ ;
/*!50003 SET character_set_results = utf8mb4 */ ;
/*!50003 SET collation_connection  = utf8mb4_general_ci */ ;
/*!50003 SET @saved_sql_mode       = @@sql_mode */ ;
/*!50003 SET sql_mode              = 'NO_AUTO_VALUE_ON_ZERO' */ ;
DELIMITER ;;
/*!50003 CREATE*/ /*!50017 DEFINER=`root`@`localhost`*/ /*!50003 TRIGGER `Delete Core_Devices - Radio` AFTER DELETE ON `Core_Devices` FOR EACH ROW DELETE FROM html_Radio WHERE html_Radio.Core_Devices_id = old.id */;;
DELIMITER ;
/*!50003 SET sql_mode              = @saved_sql_mode */ ;
/*!50003 SET character_set_client  = @saved_cs_client */ ;
/*!50003 SET character_set_results = @saved_cs_results */ ;
/*!50003 SET collation_connection  = @saved_col_connection */ ;
/*!50003 SET @saved_cs_client      = @@character_set_client */ ;
/*!50003 SET @saved_cs_results     = @@character_set_results */ ;
/*!50003 SET @saved_col_connection = @@collation_connection */ ;
/*!50003 SET character_set_client  = utf8mb4 */ ;
/*!50003 SET character_set_results = utf8mb4 */ ;
/*!50003 SET collation_connection  = utf8mb4_general_ci */ ;
/*!50003 SET @saved_sql_mode       = @@sql_mode */ ;
/*!50003 SET sql_mode              = 'NO_AUTO_VALUE_ON_ZERO' */ ;
DELIMITER ;;
/*!50003 CREATE*/ /*!50017 DEFINER=`root`@`localhost`*/ /*!50003 TRIGGER `delete from Core_Arduino_Outputs` AFTER DELETE ON `Core_Devices` FOR EACH ROW DELETE FROM Core_Arduino_Outputs WHERE Core_Arduino_Outputs.Core_Devices_id = old.id */;;
DELIMITER ;
/*!50003 SET sql_mode              = @saved_sql_mode */ ;
/*!50003 SET character_set_client  = @saved_cs_client */ ;
/*!50003 SET character_set_results = @saved_cs_results */ ;
/*!50003 SET collation_connection  = @saved_col_connection */ ;

--
-- Table structure for table `Core_Stats`
--

DROP TABLE IF EXISTS `Core_Stats`;
/*!40101 SET @saved_cs_client     = @@character_set_client */;
/*!40101 SET character_set_client = utf8 */;
CREATE TABLE `Core_Stats` (
  `id` int(4) NOT NULL AUTO_INCREMENT,
  `id_Core_Arduino_Output` int(5) NOT NULL,
  `Time_on` datetime NOT NULL,
  `Time_off` datetime DEFAULT NULL,
  `DatesON` varchar(254) DEFAULT NULL,
  `time_delta` float DEFAULT NULL,
  PRIMARY KEY (`id`)
) ENGINE=InnoDB AUTO_INCREMENT=1516 DEFAULT CHARSET=latin1;
/*!40101 SET character_set_client = @saved_cs_client */;

--
-- Dumping data for table `Core_Stats`
--

LOCK TABLES `Core_Stats` WRITE;
/*!40000 ALTER TABLE `Core_Stats` DISABLE KEYS */;
INSERT INTO `Core_Stats` VALUES (1,102,'2017-03-21 13:23:45','2017-03-21 13:23:49','2017-03-21',3.68971),(2,61,'2017-03-21 13:24:19','2017-03-21 13:24:47','2017-03-21',28.0295),(3,84,'2017-03-21 13:24:21','2017-03-21 13:24:46','2017-03-21',25.0605),(8,60,'2017-03-21 13:32:20','2017-03-21 13:33:07','2017-03-21',47.4931),(9,82,'2017-03-21 13:33:52','2017-03-21 13:35:20','2017-03-21',87.8817),(10,97,'2017-03-21 13:34:40','2017-03-21 13:34:41','2017-03-21',1.48325),(11,97,'2017-03-21 13:34:43','2017-03-21 13:34:59','2017-03-21',16.1712),(12,97,'2017-03-21 13:35:00','2017-03-21 13:35:21','2017-03-21',20.5073),(13,97,'2017-03-21 14:06:51','2017-03-21 14:06:55','2017-03-21',3.66343),(14,98,'2017-03-21 14:06:56','2017-03-21 14:07:20','2017-03-21',23.925),(15,98,'2017-03-21 14:07:26','2017-03-21 14:07:29','2017-03-21',2.9367),(39,60,'2017-03-21 14:07:47','2017-03-21 14:07:49','2017-03-21',2.14395),(47,81,'2017-03-21 14:08:49','2017-03-21 14:08:54','2017-03-21',5.18029),(48,81,'2017-03-21 14:08:56','2017-03-21 14:13:55','2017-03-21',299.129),(49,61,'2017-03-21 14:09:16','2017-03-21 14:14:16','2017-03-21',300.138),(50,82,'2017-03-21 14:09:23','2017-03-21 14:14:22','2017-03-21',299.188),(51,97,'2017-03-21 14:16:12','2017-03-21 14:16:44','2017-03-21',32.4418),(52,97,'2017-03-21 14:16:56','2017-03-21 14:17:16','2017-03-21',20.0014),(53,81,'2017-03-21 16:09:26','2017-03-21 16:14:25','2017-03-21',299.146),(54,61,'2017-03-21 16:09:33','2017-03-21 16:14:32','2017-03-21',299.201),(56,84,'2017-03-21 17:55:44','2017-03-21 17:56:47','2017-03-21',62.9971),(57,81,'2017-03-21 17:57:11','2017-03-21 18:02:10','2017-03-21',299.186),(58,97,'2017-03-21 18:51:33','2017-03-21 19:10:52','2017-03-21',1158.91),(59,83,'2017-03-21 19:09:37','2017-03-21 19:09:57','2017-03-21',19.6031),(60,83,'2017-03-21 19:10:01','2017-03-21 19:10:33','2017-03-21',32.4078),(61,102,'2017-03-21 19:10:53','2017-03-21 19:10:54','2017-03-21',1.40601),(62,101,'2017-03-21 19:10:54','2017-03-21 19:13:11','2017-03-21',137.294),(63,95,'2017-03-21 19:11:07','2017-03-21 19:12:52','2017-03-21',104.698),(70,60,'2017-03-21 19:13:21','2017-03-21 21:35:39','2017-03-21',8538.23),(71,102,'2017-03-21 19:46:49','2017-03-21 19:57:28','2017-03-21',638.651),(72,83,'2017-03-21 19:47:21','2017-03-21 21:32:26','2017-03-21',6304.51),(73,95,'2017-03-21 19:48:40','2017-03-21 20:00:58','2017-03-21',738.271),(74,89,'2017-03-21 19:57:01','2017-03-22 00:00:00','2017-03-21',14579.4),(75,98,'2017-03-21 19:57:16','2017-03-21 21:35:39','2017-03-21',5902.8),(76,102,'2017-03-21 19:57:29','2017-03-21 20:05:26','2017-03-21',477.255),(86,57,'2017-03-21 19:59:58','2017-03-21 20:00:27','2017-03-21',28.6032),(87,99,'2017-03-21 20:00:00','2017-03-22 00:00:00','2017-03-21',14400.2),(88,103,'2017-03-21 20:01:33','2017-03-21 20:03:45','2017-03-21',132.236),(89,97,'2017-03-21 20:05:45','2017-03-21 20:34:00','2017-03-21',1695.47),(90,97,'2017-03-21 20:34:19','2017-03-21 20:34:43','2017-03-21',24.2429),(91,97,'2017-03-21 20:34:53','2017-03-21 21:24:50','2017-03-21',2996.55),(92,102,'2017-03-21 21:32:38','2017-03-21 21:35:38','2017-03-21',180.333),(93,103,'2017-03-21 21:32:46','2017-03-21 21:35:02','2017-03-21',135.58),(94,89,'2017-03-22 04:39:00','2017-03-22 06:39:01','2017-03-22',7201.16),(100,102,'2017-03-22 06:28:13','2017-03-22 06:34:34','2017-03-22',381.364),(101,103,'2017-03-22 06:28:19','2017-03-22 06:29:33','2017-03-22',74.4845),(102,58,'2017-03-22 06:29:44','2017-03-22 06:34:35','2017-03-22',291.499),(103,57,'2017-03-22 06:34:29','2017-03-22 06:34:34','2017-03-22',5.198),(104,60,'2017-03-22 06:34:29','2017-03-22 06:34:35','2017-03-22',6.28648),(105,62,'2017-03-22 06:34:29','2017-03-22 06:34:35','2017-03-22',5.86202),(106,63,'2017-03-22 06:34:30','2017-03-22 06:34:32','2017-03-22',2.15787),(111,58,'2017-03-22 06:34:38','2017-03-22 06:45:57','2017-03-22',678.526),(112,57,'2017-03-22 06:34:38','2017-03-22 06:45:56','2017-03-22',677.747),(117,60,'2017-03-22 06:36:08','2017-03-22 07:08:43','2017-03-22',1954.55),(118,83,'2017-03-22 06:36:18','2017-03-22 06:37:49','2017-03-22',90.968),(119,83,'2017-03-22 06:40:15','2017-03-22 06:40:47','2017-03-22',31.9018),(120,103,'2017-03-22 06:41:53','2017-03-22 06:42:36','2017-03-22',43.1889),(121,95,'2017-03-22 07:00:29','2017-03-22 07:04:58','2017-03-22',268.951),(123,81,'2017-03-22 13:25:59','2017-03-22 13:30:58','2017-03-22',299.14),(125,84,'2017-03-22 13:31:50','2017-03-22 13:33:13','2017-03-22',83.2902),(126,81,'2017-03-22 13:33:23','2017-03-22 13:38:22','2017-03-22',299.208),(127,102,'2017-03-22 13:45:32','2017-03-22 13:45:33','2017-03-22',1.41131),(128,81,'2017-03-22 16:02:03','2017-03-22 16:07:02','2017-03-22',299.211),(129,61,'2017-03-22 16:02:12','2017-03-22 16:07:11','2017-03-22',299.177),(130,102,'2017-03-22 17:02:02','2017-03-22 18:06:29','2017-03-22',3866.81),(131,103,'2017-03-22 17:02:15','2017-03-22 17:07:16','2017-03-22',300.997),(132,81,'2017-03-22 17:09:04','2017-03-22 17:14:03','2017-03-22',299.14),(133,95,'2017-03-22 17:23:18','2017-03-22 17:26:21','2017-03-22',182.742),(134,81,'2017-03-22 17:40:37','2017-03-22 17:45:37','2017-03-22',300.122),(135,61,'2017-03-22 17:41:12','2017-03-22 17:46:11','2017-03-22',299.183),(136,81,'2017-03-22 18:01:54','2017-03-22 18:06:54','2017-03-22',300.145),(137,81,'2017-03-22 18:09:04','2017-03-22 18:14:03','2017-03-22',299.214),(138,61,'2017-03-22 18:09:49','2017-03-22 18:14:48','2017-03-22',299.199),(140,81,'2017-03-22 18:14:57','2017-03-22 18:19:56','2017-03-22',299.244),(141,61,'2017-03-22 18:14:57','2017-03-22 18:19:56','2017-03-22',299.213),(142,84,'2017-03-22 18:15:34','2017-03-22 18:15:42','2017-03-22',7.72348),(144,81,'2017-03-22 18:41:57','2017-03-22 18:46:57','2017-03-22',300.153),(145,97,'2017-03-22 18:43:18','2017-03-22 19:06:33','2017-03-22',1395),(146,97,'2017-03-22 19:06:34','2017-03-22 21:43:49','2017-03-22',9435.05),(147,83,'2017-03-22 19:06:34','2017-03-22 21:39:08','2017-03-22',9153.69),(148,81,'2017-03-22 19:06:40','2017-03-22 19:11:40','2017-03-22',300.188),(149,61,'2017-03-22 19:06:52','2017-03-22 19:11:51','2017-03-22',299.159),(151,61,'2017-03-22 19:17:13','2017-03-22 19:22:13','2017-03-22',300.199),(152,81,'2017-03-22 19:17:14','2017-03-22 19:22:13','2017-03-22',299.229),(153,81,'2017-03-22 19:24:06','2017-03-22 19:29:05','2017-03-22',299.194),(155,61,'2017-03-22 19:24:54','2017-03-22 19:29:54','2017-03-22',300.193),(156,84,'2017-03-22 19:24:57','2017-03-22 19:25:07','2017-03-22',9.85552),(157,102,'2017-03-22 19:25:48','2017-03-22 19:27:05','2017-03-22',76.607),(158,89,'2017-03-22 19:59:01','2017-03-23 00:00:01','2017-03-22',14459.9),(159,99,'2017-03-22 20:00:01','2017-03-23 00:00:01','2017-03-22',14399.7),(160,96,'2017-03-22 20:41:38','2017-03-22 21:43:49','2017-03-22',3731.27),(161,102,'2017-03-22 20:41:56','2017-03-22 20:46:14','2017-03-22',257.636),(171,57,'2017-03-22 20:44:33','2017-03-22 20:45:43','2017-03-22',69.652),(172,102,'2017-03-22 21:37:36','2017-03-22 21:43:48','2017-03-22',372.374),(177,64,'2017-03-22 21:38:01','2017-03-22 21:43:48','2017-03-22',347.421),(178,103,'2017-03-22 21:38:13','2017-03-22 21:40:14','2017-03-22',121.123),(179,103,'2017-03-22 21:43:03','2017-03-22 21:43:42','2017-03-22',39.0527),(189,98,'2017-03-22 21:48:35','2017-03-22 21:51:33','2017-03-22',178.36),(190,58,'2017-03-22 21:49:35','2017-03-22 21:50:18','2017-03-22',43.214),(191,60,'2017-03-22 21:51:55','2017-03-22 21:51:58','2017-03-22',2.53576),(192,89,'2017-03-23 04:37:01','2017-03-23 06:37:00','2017-03-23',7199.49),(198,63,'2017-03-23 06:18:41','2017-03-23 06:22:54','2017-03-23',253.356),(199,58,'2017-03-23 06:21:08','2017-03-23 06:45:22','2017-03-23',1453.91),(200,103,'2017-03-23 06:21:29','2017-03-23 06:22:28','2017-03-23',58.6637),(205,57,'2017-03-23 06:23:18','2017-03-23 06:45:19','2017-03-23',1320.89),(206,102,'2017-03-23 06:29:39','2017-03-23 07:25:38','2017-03-23',3359.39),(211,60,'2017-03-23 06:30:46','2017-03-23 07:25:39','2017-03-23',3293.28),(212,83,'2017-03-23 06:30:54','2017-03-23 06:32:22','2017-03-23',87.8662),(214,81,'2017-03-23 18:14:24','2017-03-23 18:19:23','2017-03-23',299.2),(216,81,'2017-03-23 18:26:24','2017-03-23 18:31:24','2017-03-23',300.243),(218,84,'2017-03-23 18:36:13','2017-03-23 18:36:34','2017-03-23',20.8683),(222,61,'2017-03-23 18:37:43','2017-03-23 18:42:43','2017-03-23',300.21),(223,81,'2017-03-23 18:37:59','2017-03-23 18:42:58','2017-03-23',299.198),(224,102,'2017-03-23 19:54:55','2017-03-23 20:04:48','2017-03-23',593.305),(235,83,'2017-03-23 19:56:32','2017-03-23 20:10:50','2017-03-23',858.392),(236,104,'2017-03-23 19:59:43','2017-03-23 20:04:03','2017-03-23',259.965),(237,99,'2017-03-23 20:00:01','2017-03-24 00:00:00','2017-03-23',14399.1),(238,89,'2017-03-23 20:00:01','2017-03-24 00:00:00','2017-03-23',14399.4),(243,57,'2017-03-23 20:00:11','2017-03-23 20:03:07','2017-03-23',176.405),(244,81,'2017-03-23 20:09:31','2017-03-23 20:14:30','2017-03-23',299.149),(246,61,'2017-03-23 20:10:17','2017-03-23 20:15:16','2017-03-23',299.18),(247,98,'2017-03-23 20:10:56','2017-03-23 20:16:56','2017-03-23',360.192),(248,97,'2017-03-23 20:16:57','2017-03-23 20:16:59','2017-03-23',1.76118),(249,96,'2017-03-23 20:16:58','2017-03-23 20:22:35','2017-03-23',337.441),(255,100,'2017-03-23 20:17:03','2017-03-23 20:22:29','2017-03-23',326.419),(256,100,'2017-03-23 20:22:30','2017-03-23 20:22:41','2017-03-23',10.8127),(257,96,'2017-03-23 20:22:38','2017-03-23 21:20:03','2017-03-23',3445.25),(258,100,'2017-03-23 20:22:42','2017-03-23 21:20:03','2017-03-23',3440.61),(259,83,'2017-03-23 21:04:26','2017-03-23 21:18:00','2017-03-23',814.198),(260,102,'2017-03-23 21:06:44','2017-03-23 21:20:02','2017-03-23',798.358),(266,103,'2017-03-23 21:07:17','2017-03-23 21:08:40','2017-03-23',83.286),(271,57,'2017-03-23 21:19:26','2017-03-23 21:20:02','2017-03-23',36.1909),(272,103,'2017-03-23 21:20:51','2017-03-23 21:21:20','2017-03-23',29.4588),(273,58,'2017-03-23 21:23:04','2017-03-23 21:23:14','2017-03-23',9.53704),(278,60,'2017-03-23 21:43:36','2017-03-23 23:25:04','2017-03-23',6088.28),(279,97,'2017-03-23 21:51:55','2017-03-23 23:25:04','2017-03-23',5589.07),(280,95,'2017-03-23 23:23:44','2017-03-23 23:24:29','2017-03-23',45.4151),(281,89,'2017-03-24 04:35:01','2017-03-24 06:35:01','2017-03-24',7199.97),(291,95,'2017-03-24 05:10:05','2017-03-24 05:10:48','2017-03-24',43.2058),(297,57,'2017-03-24 06:21:57','2017-03-24 06:45:00','2017-03-24',1382.57),(298,103,'2017-03-24 06:22:16','2017-03-24 06:23:37','2017-03-24',80.5217),(303,102,'2017-03-24 06:38:42','2017-03-24 06:47:15','2017-03-24',512.564),(304,83,'2017-03-24 06:39:16','2017-03-24 07:18:46','2017-03-24',2369.64),(314,58,'2017-03-24 07:14:06','2017-03-24 07:14:08','2017-03-24',2.37649),(316,84,'2017-03-24 07:26:45','2017-03-24 07:26:50','2017-03-24',5.14005),(318,61,'2017-03-24 07:26:55','2017-03-24 07:31:54','2017-03-24',299.203),(319,81,'2017-03-24 07:27:56','2017-03-24 07:32:55','2017-03-24',299.148),(320,82,'2017-03-24 11:51:54','2017-03-24 11:52:02','2017-03-24',8.24367),(321,61,'2017-03-24 13:02:00','2017-03-24 13:06:59','2017-03-24',299.198),(322,82,'2017-03-24 13:02:07','2017-03-24 13:07:06','2017-03-24',299.156),(324,84,'2017-03-24 13:11:07','2017-03-24 13:11:14','2017-03-24',6.82765),(325,82,'2017-03-24 13:11:27','2017-03-24 13:16:27','2017-03-24',300.181),(330,81,'2017-03-24 13:13:24','2017-03-24 13:18:23','2017-03-24',299.193),(331,61,'2017-03-24 13:13:25','2017-03-24 13:18:25','2017-03-24',300.129),(332,61,'2017-03-24 13:48:26','2017-03-24 13:53:25','2017-03-24',299.209),(333,61,'2017-03-24 13:55:14','2017-03-24 14:00:14','2017-03-24',300.161),(334,61,'2017-03-24 16:43:06','2017-03-24 16:48:05','2017-03-24',299.215),(335,82,'2017-03-24 16:43:11','2017-03-24 16:48:10','2017-03-24',299.16),(336,57,'2017-03-24 17:15:06','2017-03-24 17:47:24','2017-03-24',1937.75),(339,84,'2017-03-24 17:30:20','2017-03-24 17:30:30','2017-03-24',10.3279),(342,81,'2017-03-24 17:35:39','2017-03-24 17:40:38','2017-03-24',299.199),(344,61,'2017-03-24 17:35:48','2017-03-24 17:40:47','2017-03-24',299.161),(345,63,'2017-03-24 17:42:19','2017-03-24 17:43:49','2017-03-24',89.8955),(346,81,'2017-03-24 17:42:19','2017-03-24 17:47:19','2017-03-24',300.176),(347,61,'2017-03-24 17:42:28','2017-03-24 17:47:27','2017-03-24',299.197),(348,82,'2017-03-24 17:42:32','2017-03-24 17:47:32','2017-03-24',300.143),(349,83,'2017-03-24 17:50:57','2017-03-24 17:51:25','2017-03-24',28.2546),(350,99,'2017-03-24 20:00:00','2017-03-25 00:00:00','2017-03-24',14400.2),(351,89,'2017-03-24 20:02:00','2017-03-25 00:00:00','2017-03-24',14280.4),(352,102,'2017-03-25 00:31:26','2017-03-25 00:37:45','2017-03-25',379.36),(353,101,'2017-03-25 00:31:27','2017-03-25 00:37:45','2017-03-25',378.487),(358,60,'2017-03-25 00:31:57','2017-03-25 00:37:46','2017-03-25',349.262),(359,96,'2017-03-25 00:32:38','2017-03-25 00:37:46','2017-03-25',308.252),(360,83,'2017-03-25 00:32:38','2017-03-25 00:34:38','2017-03-25',120.383),(361,57,'2017-03-25 00:33:22','2017-03-25 00:34:22','2017-03-25',60.0309),(362,103,'2017-03-25 00:34:33','2017-03-25 00:35:59','2017-03-25',86.3828),(363,58,'2017-03-25 00:35:04','2017-03-25 00:35:40','2017-03-25',36.414),(374,89,'2017-03-25 04:32:01','2017-03-25 06:32:01','2017-03-25',7200.16),(406,83,'2017-03-25 07:57:45','2017-03-25 07:59:38','2017-03-25',113.193),(407,103,'2017-03-25 07:59:41','2017-03-25 08:02:17','2017-03-25',156.301),(408,81,'2017-03-25 07:59:41','2017-03-25 08:04:41','2017-03-25',300.148),(409,61,'2017-03-25 07:59:51','2017-03-25 08:04:50','2017-03-25',299.212),(410,81,'2017-03-25 08:05:35','2017-03-25 08:10:34','2017-03-25',299.218),(411,81,'2017-03-25 08:18:46','2017-03-25 08:23:45','2017-03-25',299.165),(412,81,'2017-03-25 08:27:19','2017-03-25 08:32:19','2017-03-25',300.138),(414,81,'2017-03-25 08:38:07','2017-03-25 08:38:15','2017-03-25',8.16515),(416,84,'2017-03-25 08:40:19','2017-03-25 08:40:33','2017-03-25',14.1726),(417,81,'2017-03-25 08:41:07','2017-03-25 08:46:06','2017-03-25',299.183),(418,102,'2017-03-25 08:42:42','2017-03-25 08:48:16','2017-03-25',334.027),(419,103,'2017-03-25 08:42:48','2017-03-25 08:43:32','2017-03-25',43.5224),(420,95,'2017-03-25 12:25:38','2017-03-25 12:26:17','2017-03-25',39.3976),(421,81,'2017-03-25 12:45:09','2017-03-25 12:50:08','2017-03-25',299.123),(422,84,'2017-03-25 12:45:20','2017-03-25 12:45:27','2017-03-25',6.90587),(423,61,'2017-03-25 12:45:30','2017-03-25 12:50:30','2017-03-25',300.135),(424,61,'2017-03-25 13:25:32','2017-03-25 13:30:31','2017-03-25',299.122),(431,103,'2017-03-25 14:45:21','2017-03-25 14:48:01','2017-03-25',160.191),(436,61,'2017-03-25 15:29:44','2017-03-25 15:34:44','2017-03-25',300.129),(437,61,'2017-03-25 15:35:20','2017-03-25 15:40:19','2017-03-25',299.193),(438,61,'2017-03-25 15:41:36','2017-03-25 15:46:36','2017-03-25',300.215),(440,61,'2017-03-25 15:50:55','2017-03-25 15:55:55','2017-03-25',300.205),(441,81,'2017-03-25 15:50:57','2017-03-25 15:55:57','2017-03-25',300.143),(442,103,'2017-03-25 15:57:05','2017-03-25 16:02:20','2017-03-25',314.989),(443,61,'2017-03-25 16:06:10','2017-03-25 16:11:09','2017-03-25',299.206),(444,61,'2017-03-25 16:11:14','2017-03-25 16:16:13','2017-03-25',299.142),(445,81,'2017-03-25 16:16:31','2017-03-25 16:21:30','2017-03-25',299.175),(446,61,'2017-03-25 16:16:46','2017-03-25 16:21:45','2017-03-25',299.153),(447,61,'2017-03-25 16:22:24','2017-03-25 16:27:23','2017-03-25',299.15),(449,81,'2017-03-25 16:24:20','2017-03-25 16:29:20','2017-03-25',300.13),(453,61,'2017-03-25 16:45:21','2017-03-25 16:50:21','2017-03-25',300.172),(454,84,'2017-03-25 16:45:23','2017-03-25 16:45:33','2017-03-25',9.64071),(455,81,'2017-03-25 16:45:49','2017-03-25 16:50:48','2017-03-25',299.209),(456,82,'2017-03-25 19:34:01','2017-03-25 21:32:12','2017-03-25',7091.45),(457,99,'2017-03-25 20:00:00','2017-03-26 00:00:00','2017-03-25',14400.3),(459,89,'2017-03-25 21:01:24','2017-03-25 21:06:24','2017-03-25',300.196),(460,102,'2017-03-25 21:03:11','2017-03-25 21:32:12','2017-03-25',1741.39),(461,101,'2017-03-25 21:03:13','2017-03-25 21:32:13','2017-03-25',1739.52),(466,60,'2017-03-25 21:03:32','2017-03-25 21:32:13','2017-03-25',1721.29),(467,83,'2017-03-25 21:03:53','2017-03-25 21:32:12','2017-03-25',1699.23),(468,98,'2017-03-25 21:07:04','2017-03-25 21:32:13','2017-03-25',1508.86),(469,95,'2017-03-25 21:22:45','2017-03-25 21:29:16','2017-03-25',390.791),(474,64,'2017-03-25 21:25:01','2017-03-25 21:32:12','2017-03-25',431.437),(475,103,'2017-03-25 21:25:10','2017-03-25 21:26:46','2017-03-25',96.4198),(476,57,'2017-03-25 21:27:01','2017-03-25 21:27:30','2017-03-25',29.3226),(477,63,'2017-03-25 21:27:48','2017-03-25 21:32:13','2017-03-25',264.651),(478,58,'2017-03-25 21:31:32','2017-03-25 21:32:08','2017-03-25',36.383),(488,89,'2017-03-26 05:30:01','2017-03-26 07:30:01','2017-03-26',7199.6),(489,63,'2017-03-26 08:53:49','2017-03-26 08:54:02','2017-03-26',13.4585),(490,103,'2017-03-26 09:09:56','2017-03-26 09:24:52','2017-03-26',895.992),(503,63,'2017-03-26 09:24:41','2017-03-26 09:36:35','2017-03-26',713.879),(508,83,'2017-03-26 09:37:04','2017-03-26 09:39:24','2017-03-26',140.478),(509,102,'2017-03-26 10:51:46','2017-03-26 14:08:10','2017-03-26',11784.4),(510,63,'2017-03-26 10:57:34','2017-03-26 11:13:14','2017-03-26',939.946),(520,81,'2017-03-26 11:15:05','2017-03-26 11:20:05','2017-03-26',300.146),(521,61,'2017-03-26 11:15:21','2017-03-26 11:20:20','2017-03-26',299.135),(522,61,'2017-03-26 11:20:59','2017-03-26 11:25:59','2017-03-26',300.218),(524,82,'2017-03-26 11:21:36','2017-03-26 11:26:35','2017-03-26',299.2),(525,61,'2017-03-26 11:40:15','2017-03-26 11:45:15','2017-03-26',300.207),(527,82,'2017-03-26 11:40:36','2017-03-26 11:45:35','2017-03-26',299.2),(529,61,'2017-03-26 12:58:40','2017-03-26 13:03:39','2017-03-26',299.135),(530,81,'2017-03-26 12:58:42','2017-03-26 13:03:41','2017-03-26',299.17),(531,95,'2017-03-26 13:15:56','2017-03-26 13:21:50','2017-03-26',353.632),(532,63,'2017-03-26 13:47:44','2017-03-26 13:57:40','2017-03-26',595.525),(542,103,'2017-03-26 14:10:20','2017-03-26 14:10:34','2017-03-26',14.4546),(543,81,'2017-03-26 14:22:15','2017-03-26 14:27:14','2017-03-26',299.198),(544,61,'2017-03-26 14:22:23','2017-03-26 14:27:23','2017-03-26',300.16),(545,63,'2017-03-26 15:42:36','2017-03-26 16:09:02','2017-03-26',1586.42),(546,81,'2017-03-26 16:24:59','2017-03-26 16:29:59','2017-03-26',300.132),(547,84,'2017-03-26 16:25:09','2017-03-26 16:25:13','2017-03-26',4.184),(548,61,'2017-03-26 16:25:16','2017-03-26 16:30:16','2017-03-26',300.217),(550,82,'2017-03-26 16:25:39','2017-03-26 16:30:39','2017-03-26',300.123),(551,95,'2017-03-26 16:46:47','2017-03-26 16:47:52','2017-03-26',65.0278),(552,81,'2017-03-26 17:04:20','2017-03-26 17:09:19','2017-03-26',299.215),(553,84,'2017-03-26 17:04:32','2017-03-26 17:06:00','2017-03-26',88.3055),(554,61,'2017-03-26 17:04:36','2017-03-26 17:09:36','2017-03-26',300.2),(555,82,'2017-03-26 17:06:14','2017-03-26 17:11:13','2017-03-26',299.18),(559,81,'2017-03-26 17:13:22','2017-03-26 17:18:22','2017-03-26',300.212),(560,61,'2017-03-26 17:13:23','2017-03-26 17:18:23','2017-03-26',300.148),(561,97,'2017-03-26 17:38:40','2017-03-26 17:38:42','2017-03-26',2.25039),(562,98,'2017-03-26 17:38:43','2017-03-26 17:38:45','2017-03-26',1.78238),(563,81,'2017-03-26 17:56:50','2017-03-26 18:01:49','2017-03-26',299.203),(564,95,'2017-03-26 18:26:52','2017-03-26 18:27:32','2017-03-26',40.161),(565,95,'2017-03-26 18:30:57','2017-03-26 18:32:17','2017-03-26',80.192),(566,81,'2017-03-26 18:48:24','2017-03-26 18:50:35','2017-03-26',131.174),(567,84,'2017-03-26 18:48:47','2017-03-26 18:50:19','2017-03-26',92.1055),(568,81,'2017-03-26 19:33:10','2017-03-26 19:38:10','2017-03-26',300.15),(569,84,'2017-03-26 19:37:56','2017-03-26 19:38:24','2017-03-26',28.0728),(570,99,'2017-03-26 20:00:00','2017-03-27 00:00:00','2017-03-26',14400.1),(571,102,'2017-03-26 20:01:29','2017-03-26 20:04:18','2017-03-26',168.646),(572,97,'2017-03-26 20:05:31','2017-03-26 21:38:58','2017-03-26',5607.19),(573,83,'2017-03-26 20:06:49','2017-03-26 21:34:52','2017-03-26',5282.76),(574,95,'2017-03-26 20:10:24','2017-03-26 20:18:27','2017-03-26',483.154),(575,89,'2017-03-26 21:05:01','2017-03-27 00:00:00','2017-03-26',10499.3),(576,95,'2017-03-26 21:26:11','2017-03-26 21:26:31','2017-03-26',19.6796),(577,102,'2017-03-26 21:36:26','2017-03-26 21:38:58','2017-03-26',151.515),(578,103,'2017-03-26 21:36:51','2017-03-26 21:38:34','2017-03-26',102.851),(583,64,'2017-03-26 21:36:58','2017-03-26 21:38:58','2017-03-26',119.536),(584,57,'2017-03-26 21:37:13','2017-03-26 21:38:11','2017-03-26',57.8854),(594,89,'2017-03-27 05:28:00','2017-03-27 07:28:01','2017-03-27',7200.89),(600,58,'2017-03-27 06:20:49','2017-03-27 06:22:24','2017-03-27',95.4129),(601,103,'2017-03-27 06:21:07','2017-03-27 06:22:15','2017-03-27',67.878),(602,58,'2017-03-27 06:22:25','2017-03-27 06:42:57','2017-03-27',1232.48),(603,57,'2017-03-27 06:22:25','2017-03-27 06:43:01','2017-03-27',1235.54),(604,63,'2017-03-27 06:23:15','2017-03-27 06:31:42','2017-03-27',506.607),(605,63,'2017-03-27 06:31:42','2017-03-27 06:34:58','2017-03-27',195.568),(610,102,'2017-03-27 06:35:28','2017-03-27 06:43:37','2017-03-27',488.775),(611,98,'2017-03-27 06:35:56','2017-03-27 08:37:03','2017-03-27',7266.94),(612,83,'2017-03-27 06:36:07','2017-03-27 07:23:44','2017-03-27',2856.57),(623,102,'2017-03-27 06:49:12','2017-03-27 07:45:13','2017-03-27',3361.2),(624,95,'2017-03-27 06:56:44','2017-03-27 06:57:43','2017-03-27',58.768),(625,57,'2017-03-27 07:11:00','2017-03-27 07:14:15','2017-03-27',195.378),(626,104,'2017-03-27 07:14:24','2017-03-27 07:14:41','2017-03-27',17.0724),(636,61,'2017-03-27 07:26:04','2017-03-27 07:31:03','2017-03-27',299.154),(637,61,'2017-03-27 07:33:39','2017-03-27 07:38:38','2017-03-27',299.171),(638,81,'2017-03-27 07:43:51','2017-03-27 07:48:50','2017-03-27',299.142),(639,61,'2017-03-27 07:44:01','2017-03-27 07:49:01','2017-03-27',300.215),(640,95,'2017-03-27 08:24:55','2017-03-27 08:29:29','2017-03-27',274.268),(641,61,'2017-03-27 09:43:47','2017-03-27 09:48:46','2017-03-27',299.178),(642,95,'2017-03-27 10:07:55','2017-03-27 10:08:22','2017-03-27',26.6945),(643,81,'2017-03-27 11:40:53','2017-03-27 11:45:52','2017-03-27',299.194),(644,61,'2017-03-27 11:41:01','2017-03-27 11:46:00','2017-03-27',299.155),(645,95,'2017-03-27 13:11:52','2017-03-27 13:12:31','2017-03-27',39.1377),(646,81,'2017-03-27 15:15:43','2017-03-27 15:20:43','2017-03-27',300.161),(647,61,'2017-03-27 15:15:53','2017-03-27 15:20:52','2017-03-27',299.122),(648,81,'2017-03-27 16:04:46','2017-03-27 16:09:46','2017-03-27',300.157),(649,61,'2017-03-27 16:04:59','2017-03-27 16:09:58','2017-03-27',299.124),(650,61,'2017-03-27 17:05:09','2017-03-27 17:10:09','2017-03-27',300.152),(652,81,'2017-03-27 17:09:24','2017-03-27 17:14:23','2017-03-27',299.148),(653,84,'2017-03-27 17:09:32','2017-03-27 17:09:43','2017-03-27',10.8595),(654,81,'2017-03-27 17:38:32','2017-03-27 17:43:31','2017-03-27',299.162),(655,61,'2017-03-27 17:38:52','2017-03-27 17:43:51','2017-03-27',299.154),(656,84,'2017-03-27 17:39:57','2017-03-27 17:40:21','2017-03-27',24.2577),(657,102,'2017-03-27 18:22:15','2017-03-27 18:32:01','2017-03-27',585.856),(658,103,'2017-03-27 18:22:22','2017-03-27 18:27:21','2017-03-27',298.757),(660,61,'2017-03-27 18:22:41','2017-03-27 18:27:40','2017-03-27',299.185),(661,81,'2017-03-27 18:23:04','2017-03-27 18:28:03','2017-03-27',299.196),(662,95,'2017-03-27 18:39:43','2017-03-27 18:40:41','2017-03-27',58.4115),(663,99,'2017-03-27 20:00:00','2017-03-28 00:00:00','2017-03-27',14400.3),(664,102,'2017-03-27 20:27:51','2017-03-27 21:48:58','2017-03-27',4867.4),(670,83,'2017-03-27 20:30:45','2017-03-27 21:48:58','2017-03-27',4693.24),(671,98,'2017-03-27 20:31:03','2017-03-27 21:48:59','2017-03-27',4675.87),(672,61,'2017-03-27 20:31:41','2017-03-27 20:36:41','2017-03-27',300.171),(673,81,'2017-03-27 20:34:12','2017-03-27 20:39:11','2017-03-27',299.129),(675,61,'2017-03-27 20:39:45','2017-03-27 20:44:44','2017-03-27',299.212),(676,81,'2017-03-27 20:39:47','2017-03-27 20:44:46','2017-03-27',299.146),(677,89,'2017-03-27 21:07:00','2017-03-28 00:00:00','2017-03-27',10380.5),(682,57,'2017-03-27 21:40:38','2017-03-27 21:41:44','2017-03-27',66.4068),(683,103,'2017-03-27 21:41:52','2017-03-27 21:42:46','2017-03-27',53.5255),(684,89,'2017-03-28 05:26:00','2017-03-28 07:26:01','2017-03-28',7200.78),(690,103,'2017-03-28 06:18:13','2017-03-28 06:19:54','2017-03-28',100.717),(691,63,'2017-03-28 06:20:02','2017-03-28 06:49:07','2017-03-28',1744.57),(692,58,'2017-03-28 06:21:36','2017-03-28 06:52:21','2017-03-28',1844.86),(693,57,'2017-03-28 06:31:36','2017-03-28 06:52:20','2017-03-28',1243.98),(716,102,'2017-03-28 06:52:03','2017-03-28 06:52:04','2017-03-28',1.3831),(717,102,'2017-03-28 06:52:05','2017-03-28 06:52:39','2017-03-28',34.0995),(723,83,'2017-03-28 06:52:50','2017-03-28 07:30:03','2017-03-28',2232.69),(726,61,'2017-03-28 06:58:16','2017-03-28 07:02:23','2017-03-28',247.164),(728,81,'2017-03-28 07:02:21','2017-03-28 07:02:23','2017-03-28',2.17479),(729,102,'2017-03-28 07:21:13','2017-03-28 07:30:17','2017-03-28',543.675),(730,63,'2017-03-28 07:21:27','2017-03-28 07:21:36','2017-03-28',8.62824),(740,81,'2017-03-28 07:22:14','2017-03-28 07:22:48','2017-03-28',34.243),(741,57,'2017-03-28 07:22:20','2017-03-28 07:27:22','2017-03-28',301.919),(748,101,'2017-03-28 07:30:15','2017-03-28 07:30:17','2017-03-28',1.8023),(749,60,'2017-03-28 07:30:15','2017-03-28 07:30:18','2017-03-28',2.57587),(750,96,'2017-03-28 07:30:16','2017-03-28 07:30:18','2017-03-28',1.56691),(751,97,'2017-03-28 07:30:16','2017-03-28 07:30:17','2017-03-28',1.35465),(752,98,'2017-03-28 07:30:16','2017-03-28 07:30:17','2017-03-28',1.14249),(753,102,'2017-03-28 07:31:54','2017-03-28 07:32:03','2017-03-28',9.44537),(754,103,'2017-03-28 07:32:21','2017-03-28 07:34:29','2017-03-28',128.405),(756,84,'2017-03-28 07:40:05','2017-03-28 07:40:21','2017-03-28',15.5795),(757,81,'2017-03-28 07:40:33','2017-03-28 07:45:32','2017-03-28',299.131),(758,95,'2017-03-28 07:41:44','2017-03-28 07:47:55','2017-03-28',370.998),(759,81,'2017-03-28 18:46:41','2017-03-28 18:51:40','2017-03-28',299.204),(761,81,'2017-03-28 19:40:32','2017-03-28 19:40:36','2017-03-28',4.21004),(763,81,'2017-03-28 19:44:23','2017-03-28 19:49:22','2017-03-28',299.138),(764,103,'2017-03-28 19:52:50','2017-03-28 19:58:08','2017-03-28',318.325),(765,81,'2017-03-28 19:56:19','2017-03-28 20:01:19','2017-03-28',300.208),(766,61,'2017-03-28 19:56:29','2017-03-28 20:01:29','2017-03-28',300.179),(767,104,'2017-03-28 19:58:14','2017-03-28 20:00:38','2017-03-28',143.921),(768,99,'2017-03-28 20:00:01','2017-03-29 00:00:01','2017-03-28',14399.8),(769,61,'2017-03-28 20:03:55','2017-03-28 20:08:54','2017-03-28',299.21),(784,97,'2017-03-28 20:05:05','2017-03-28 20:54:36','2017-03-28',2971.23),(785,102,'2017-03-28 20:22:15','2017-03-28 20:22:49','2017-03-28',33.9972),(786,61,'2017-03-28 20:23:56','2017-03-28 20:28:55','2017-03-28',299.163),(788,61,'2017-03-28 20:32:59','2017-03-28 20:37:59','2017-03-28',300.199),(789,81,'2017-03-28 20:33:00','2017-03-28 20:38:00','2017-03-28',300.133),(790,83,'2017-03-28 20:47:49','2017-03-28 20:54:16','2017-03-28',387.049),(796,102,'2017-03-28 20:48:24','2017-03-28 20:54:52','2017-03-28',387.512),(797,104,'2017-03-28 20:48:37','2017-03-28 20:50:58','2017-03-28',141.188),(807,57,'2017-03-28 20:52:46','2017-03-28 20:53:57','2017-03-28',70.7855),(808,58,'2017-03-28 20:53:55','2017-03-28 20:53:57','2017-03-28',1.50146),(810,102,'2017-03-28 20:55:14','2017-03-28 20:55:47','2017-03-28',33.1608),(815,89,'2017-03-28 21:08:01','2017-03-29 00:00:01','2017-03-28',10320),(816,97,'2017-03-28 21:48:30','2017-03-28 21:48:50','2017-03-28',20.3813),(817,100,'2017-03-28 21:48:46','2017-03-28 22:09:08','2017-03-28',1221.92),(818,98,'2017-03-28 21:48:53','2017-03-28 22:09:08','2017-03-28',1215.13),(819,96,'2017-03-28 21:49:01','2017-03-28 22:09:09','2017-03-28',1207.55),(820,83,'2017-03-28 21:49:03','2017-03-28 22:09:08','2017-03-28',1204.5),(822,102,'2017-03-28 22:02:19','2017-03-28 22:09:08','2017-03-28',408.662),(823,103,'2017-03-28 22:02:36','2017-03-28 22:03:26','2017-03-28',50.3056),(828,64,'2017-03-28 22:03:33','2017-03-28 22:09:08','2017-03-28',334.706),(830,84,'2017-03-28 22:06:58','2017-03-28 22:07:01','2017-03-28',2.90928),(831,81,'2017-03-28 22:07:18','2017-03-28 22:09:08','2017-03-28',109.93),(832,58,'2017-03-28 22:09:32','2017-03-28 22:10:25','2017-03-28',52.5117),(833,103,'2017-03-28 22:10:30','2017-03-28 22:11:37','2017-03-28',66.6003),(834,103,'2017-03-28 22:55:54','2017-03-28 22:57:15','2017-03-28',80.7546),(835,58,'2017-03-28 22:56:54','2017-03-28 22:58:25','2017-03-28',91.103),(836,57,'2017-03-28 22:58:24','2017-03-28 22:58:25','2017-03-28',1.45453),(837,58,'2017-03-28 23:02:54','2017-03-28 23:03:06','2017-03-28',11.8719),(838,89,'2017-03-29 05:23:01','2017-03-29 07:23:01','2017-03-29',7200.19),(844,57,'2017-03-29 06:29:46','2017-03-29 06:44:38','2017-03-29',892.221),(845,103,'2017-03-29 06:29:49','2017-03-29 06:31:07','2017-03-29',78.1452),(846,103,'2017-03-29 06:34:05','2017-03-29 06:35:05','2017-03-29',59.6812),(847,102,'2017-03-29 06:38:36','2017-03-29 07:38:55','2017-03-29',3618.93),(856,60,'2017-03-29 06:39:09','2017-03-29 07:38:56','2017-03-29',3586.83),(857,83,'2017-03-29 06:39:20','2017-03-29 06:41:41','2017-03-29',140.64),(858,98,'2017-03-29 06:41:40','2017-03-29 07:38:55','2017-03-29',3435.4),(859,97,'2017-03-29 06:41:41','2017-03-29 07:38:56','2017-03-29',3434.61),(860,83,'2017-03-29 06:52:03','2017-03-29 07:38:55','2017-03-29',2811.78),(862,84,'2017-03-29 06:52:24','2017-03-29 06:52:36','2017-03-29',12.4004),(864,81,'2017-03-29 06:53:05','2017-03-29 06:58:04','2017-03-29',299.153),(865,57,'2017-03-29 07:11:36','2017-03-29 07:15:18','2017-03-29',221.944),(867,81,'2017-03-29 07:17:43','2017-03-29 07:22:42','2017-03-29',299.131),(868,102,'2017-03-29 07:49:12','2017-03-29 07:53:23','2017-03-29',250.998),(869,63,'2017-03-29 07:49:18','2017-03-29 07:49:24','2017-03-29',6.44197),(871,81,'2017-03-29 07:54:35','2017-03-29 07:59:34','2017-03-29',299.144),(872,81,'2017-03-29 13:13:26','2017-03-29 13:18:25','2017-03-29',299.215),(873,84,'2017-03-29 13:14:22','2017-03-29 13:17:32','2017-03-29',190.201),(874,95,'2017-03-29 13:36:50','2017-03-29 13:37:53','2017-03-29',63.4671),(875,61,'2017-03-29 19:53:15','2017-03-29 19:58:14','2017-03-29',299.166),(876,98,'2017-03-29 19:59:25','2017-03-29 22:59:10','2017-03-29',10784.8),(877,97,'2017-03-29 19:59:26','2017-03-29 22:59:10','2017-03-29',10784),(878,99,'2017-03-29 20:00:01','2017-03-30 00:00:01','2017-03-29',14399.7),(879,83,'2017-03-29 21:01:23','2017-03-29 22:49:01','2017-03-29',6458.02),(880,81,'2017-03-29 21:01:29','2017-03-29 21:06:29','2017-03-29',300.177),(882,61,'2017-03-29 21:03:34','2017-03-29 21:08:33','2017-03-29',299.128),(883,84,'2017-03-29 21:03:37','2017-03-29 21:03:43','2017-03-29',6.11738),(884,89,'2017-03-29 21:10:01','2017-03-30 00:00:01','2017-03-29',10199.9),(885,81,'2017-03-29 21:15:10','2017-03-29 21:20:10','2017-03-29',300.198),(886,61,'2017-03-29 21:15:20','2017-03-29 21:20:20','2017-03-29',300.165),(891,60,'2017-03-29 21:23:44','2017-03-29 22:59:10','2017-03-29',5726.26),(893,84,'2017-03-29 21:24:41','2017-03-29 21:24:48','2017-03-29',7.15241),(895,61,'2017-03-29 21:25:02','2017-03-29 21:25:20','2017-03-29',18.189),(896,81,'2017-03-29 21:25:02','2017-03-29 21:25:20','2017-03-29',18.2194),(897,101,'2017-03-29 22:28:04','2017-03-29 22:59:09','2017-03-29',1865.49),(898,102,'2017-03-29 22:49:19','2017-03-29 22:59:09','2017-03-29',590.364),(899,57,'2017-03-29 22:49:35','2017-03-29 22:54:07','2017-03-29',271.957),(900,103,'2017-03-29 22:54:13','2017-03-29 22:59:04','2017-03-29',290.514),(905,64,'2017-03-29 22:56:37','2017-03-29 22:59:09','2017-03-29',152.412),(915,58,'2017-03-29 23:14:39','2017-03-29 23:14:51','2017-03-29',11.9692),(916,89,'2017-03-30 05:21:01','2017-03-30 07:21:00','2017-03-30',7199.32),(922,63,'2017-03-30 06:17:58','2017-03-30 06:35:33','2017-03-30',1054.68),(923,57,'2017-03-30 06:19:50','2017-03-30 06:58:23','2017-03-30',2312.66),(924,103,'2017-03-30 06:21:13','2017-03-30 06:22:12','2017-03-30',58.6136),(929,102,'2017-03-30 06:35:35','2017-03-30 07:46:15','2017-03-30',4239.53),(934,60,'2017-03-30 06:38:33','2017-03-30 07:54:03','2017-03-30',4529.61),(935,98,'2017-03-30 06:38:42','2017-03-30 07:54:02','2017-03-30',4520.18),(936,83,'2017-03-30 06:38:43','2017-03-30 07:44:39','2017-03-30',3956.49),(942,63,'2017-03-30 06:52:29','2017-03-30 06:54:00','2017-03-30',91.1591),(947,104,'2017-03-30 06:58:38','2017-03-30 07:00:16','2017-03-30',98.2309),(948,58,'2017-03-30 07:25:44','2017-03-30 07:29:39','2017-03-30',235.311),(949,57,'2017-03-30 07:29:36','2017-03-30 07:29:40','2017-03-30',3.52254),(950,104,'2017-03-30 07:29:54','2017-03-30 07:35:05','2017-03-30',311.065),(951,81,'2017-03-30 07:48:19','2017-03-30 07:53:18','2017-03-30',299.13),(953,61,'2017-03-30 07:50:15','2017-03-30 07:54:02','2017-03-30',227.399),(954,81,'2017-03-30 07:59:42','2017-03-30 08:04:41','2017-03-30',299.228),(955,61,'2017-03-30 07:59:50','2017-03-30 08:04:49','2017-03-30',299.179),(957,81,'2017-03-30 08:08:12','2017-03-30 08:13:11','2017-03-30',299.168),(958,81,'2017-03-30 08:25:02','2017-03-30 08:30:01','2017-03-30',299.19),(959,61,'2017-03-30 09:31:06','2017-03-30 09:36:06','2017-03-30',300.135),(960,81,'2017-03-30 09:58:30','2017-03-30 10:03:30','2017-03-30',300.156),(961,81,'2017-03-30 10:11:25','2017-03-30 10:16:24','2017-03-30',299.155),(963,81,'2017-03-30 10:39:53','2017-03-30 10:44:53','2017-03-30',300.249),(964,61,'2017-03-30 10:39:54','2017-03-30 10:44:53','2017-03-30',299.219),(965,61,'2017-03-30 11:05:42','2017-03-30 11:10:42','2017-03-30',300.162),(966,81,'2017-03-30 11:57:17','2017-03-30 12:02:16','2017-03-30',299.185),(967,61,'2017-03-30 12:10:21','2017-03-30 12:15:21','2017-03-30',300.144),(968,61,'2017-03-30 12:27:36','2017-03-30 12:32:35','2017-03-30',299.204),(970,61,'2017-03-30 12:35:39','2017-03-30 12:40:38','2017-03-30',299.143),(971,81,'2017-03-30 12:35:39','2017-03-30 12:40:38','2017-03-30',299.173),(972,61,'2017-03-30 13:28:56','2017-03-30 13:33:55','2017-03-30',299.18),(973,61,'2017-03-30 13:43:43','2017-03-30 13:48:43','2017-03-30',300.165),(974,61,'2017-03-30 14:16:05','2017-03-30 14:21:04','2017-03-30',299.146),(975,81,'2017-03-30 14:16:22','2017-03-30 14:21:22','2017-03-30',300.142),(977,61,'2017-03-30 14:30:46','2017-03-30 14:35:45','2017-03-30',299.217),(978,81,'2017-03-30 14:30:48','2017-03-30 14:35:48','2017-03-30',300.154),(979,61,'2017-03-30 14:45:44','2017-03-30 14:50:44','2017-03-30',300.189),(980,61,'2017-03-30 14:57:12','2017-03-30 15:02:11','2017-03-30',299.186),(981,61,'2017-03-30 15:23:10','2017-03-30 15:28:09','2017-03-30',299.189),(982,61,'2017-03-30 15:49:00','2017-03-30 15:53:59','2017-03-30',299.129),(984,81,'2017-03-30 15:52:22','2017-03-30 15:57:21','2017-03-30',299.155),(986,61,'2017-03-30 16:07:55','2017-03-30 16:10:36','2017-03-30',161.209),(987,81,'2017-03-30 16:07:55','2017-03-30 16:10:36','2017-03-30',161.239),(989,61,'2017-03-30 16:58:06','2017-03-30 17:03:05','2017-03-30',299.142),(990,81,'2017-03-30 16:58:51','2017-03-30 17:03:50','2017-03-30',299.132),(991,102,'2017-03-30 17:19:32','2017-03-30 17:19:33','2017-03-30',1.41826),(992,103,'2017-03-30 17:23:04','2017-03-30 17:24:30','2017-03-30',85.9124),(994,81,'2017-03-30 18:33:08','2017-03-30 18:38:08','2017-03-30',300.135),(995,61,'2017-03-30 18:33:10','2017-03-30 18:38:09','2017-03-30',299.171),(996,61,'2017-03-30 18:40:14','2017-03-30 18:45:13','2017-03-30',299.141),(997,81,'2017-03-30 18:40:19','2017-03-30 18:45:18','2017-03-30',299.199),(998,58,'2017-03-30 19:27:17','2017-03-30 19:42:33','2017-03-30',915.632),(999,99,'2017-03-30 20:00:01','2017-03-31 00:00:01','2017-03-30',14399.9),(1005,60,'2017-03-30 22:37:21','2017-03-30 23:07:46','2017-03-30',1824.78),(1006,83,'2017-03-30 22:37:53','2017-03-30 22:58:12','2017-03-30',1219),(1008,89,'2017-03-30 22:43:00','2017-03-30 22:48:00','2017-03-30',300.166),(1009,98,'2017-03-30 22:56:25','2017-03-30 23:07:45','2017-03-30',680.354),(1010,102,'2017-03-30 22:58:39','2017-03-30 23:07:45','2017-03-30',545.887),(1011,57,'2017-03-30 22:59:01','2017-03-30 23:02:23','2017-03-30',201.816),(1016,64,'2017-03-30 22:59:40','2017-03-30 23:07:45','2017-03-30',484.931),(1017,102,'2017-03-30 23:08:15','2017-03-30 23:08:18','2017-03-30',3.26085),(1018,102,'2017-03-30 23:08:22','2017-03-30 23:08:27','2017-03-30',4.94234),(1019,89,'2017-03-31 05:19:00','2017-03-31 07:19:01','2017-03-31',7201.06),(1025,103,'2017-03-31 06:38:56','2017-03-31 06:39:54','2017-03-31',57.7541),(1026,57,'2017-03-31 06:40:21','2017-03-31 06:52:28','2017-03-31',727.361),(1035,60,'2017-03-31 06:51:19','2017-03-31 07:31:32','2017-03-31',2412.92),(1036,83,'2017-03-31 06:51:30','2017-03-31 07:31:31','2017-03-31',2400.87),(1037,102,'2017-03-31 06:52:01','2017-03-31 07:31:31','2017-03-31',2370.02),(1038,98,'2017-03-31 06:53:11','2017-03-31 07:31:31','2017-03-31',2300.49),(1039,103,'2017-03-31 07:39:25','2017-03-31 07:44:05','2017-03-31',280.122),(1040,103,'2017-03-31 07:55:54','2017-03-31 08:00:45','2017-03-31',291.11),(1041,81,'2017-03-31 16:36:09','2017-03-31 16:41:08','2017-03-31',299.165),(1042,61,'2017-03-31 16:36:18','2017-03-31 16:41:17','2017-03-31',299.123),(1043,61,'2017-03-31 16:46:36','2017-03-31 16:51:36','2017-03-31',300.13),(1044,102,'2017-03-31 17:14:33','2017-03-31 18:47:17','2017-03-31',5564.12),(1045,81,'2017-03-31 17:21:33','2017-03-31 17:26:32','2017-03-31',299.207),(1046,84,'2017-03-31 17:21:47','2017-03-31 17:24:55','2017-03-31',188.222),(1047,61,'2017-03-31 17:32:47','2017-03-31 17:37:47','2017-03-31',300.206),(1048,81,'2017-03-31 17:32:53','2017-03-31 17:37:52','2017-03-31',299.147),(1049,95,'2017-03-31 18:46:55','2017-03-31 18:47:12','2017-03-31',16.6656),(1050,81,'2017-03-31 18:49:21','2017-03-31 18:54:21','2017-03-31',300.207),(1051,61,'2017-03-31 18:49:52','2017-03-31 18:54:51','2017-03-31',299.139),(1052,61,'2017-03-31 19:01:41','2017-03-31 19:06:40','2017-03-31',299.154),(1053,81,'2017-03-31 19:01:56','2017-03-31 19:06:55','2017-03-31',299.147),(1054,102,'2017-03-31 19:07:37','2017-03-31 19:09:31','2017-03-31',113.779),(1056,81,'2017-03-31 19:32:36','2017-03-31 19:37:35','2017-03-31',299.145),(1057,61,'2017-03-31 19:32:36','2017-03-31 19:37:36','2017-03-31',300.174),(1067,97,'2017-03-31 19:38:10','2017-03-31 19:38:12','2017-03-31',1.60661),(1068,98,'2017-03-31 19:38:13','2017-03-31 19:38:16','2017-03-31',2.90339),(1069,97,'2017-03-31 19:56:26','2017-03-31 19:56:28','2017-03-31',1.72491),(1070,98,'2017-03-31 19:56:43','2017-03-31 23:10:33','2017-03-31',11629.8),(1071,99,'2017-03-31 20:00:00','2017-04-01 00:00:00','2017-03-31',14400.4),(1072,101,'2017-03-31 20:09:09','2017-03-31 20:25:46','2017-03-31',997.111),(1073,95,'2017-03-31 20:10:32','2017-03-31 20:12:53','2017-03-31',140.634),(1074,96,'2017-03-31 20:13:38','2017-03-31 20:13:39','2017-03-31',1.22179),(1075,97,'2017-03-31 20:13:43','2017-03-31 23:10:33','2017-03-31',10610),(1076,104,'2017-03-31 20:19:04','2017-03-31 20:19:09','2017-03-31',4.77601),(1077,83,'2017-03-31 20:23:02','2017-03-31 20:23:17','2017-03-31',14.8923),(1078,95,'2017-03-31 20:24:12','2017-03-31 20:25:40','2017-03-31',87.5274),(1079,102,'2017-03-31 20:25:43','2017-03-31 20:25:46','2017-03-31',2.84351),(1080,83,'2017-03-31 20:45:18','2017-03-31 23:06:38','2017-03-31',8479.55),(1081,89,'2017-03-31 21:13:01','2017-04-01 00:00:01','2017-03-31',10019.7),(1082,95,'2017-03-31 21:15:57','2017-03-31 21:17:38','2017-03-31',100.995),(1083,95,'2017-03-31 22:04:54','2017-03-31 22:07:25','2017-03-31',150.938),(1084,101,'2017-03-31 22:34:33','2017-03-31 22:40:31','2017-03-31',357.786),(1085,102,'2017-03-31 22:42:35','2017-03-31 23:06:50','2017-03-31',1454.73),(1086,95,'2017-03-31 22:42:39','2017-03-31 22:45:05','2017-03-31',145.686),(1087,101,'2017-03-31 23:06:56','2017-03-31 23:06:57','2017-03-31',1.48725),(1088,102,'2017-03-31 23:06:57','2017-03-31 23:10:32','2017-03-31',215.323),(1093,64,'2017-03-31 23:07:09','2017-03-31 23:10:32','2017-03-31',203.373),(1094,57,'2017-03-31 23:07:20','2017-03-31 23:08:05','2017-03-31',45.411),(1095,103,'2017-03-31 23:08:43','2017-03-31 23:10:27','2017-03-31',103.619),(1105,103,'2017-04-01 04:59:25','2017-04-01 05:00:17','2017-04-01',51.6186),(1106,89,'2017-04-01 05:17:01','2017-04-01 07:17:00','2017-04-01',7199.26),(1107,58,'2017-04-01 07:10:19','2017-04-01 07:17:20','2017-04-01',420.968),(1108,95,'2017-04-01 07:17:55','2017-04-01 07:18:32','2017-04-01',37.1991),(1109,83,'2017-04-01 07:19:16','2017-04-01 07:20:24','2017-04-01',68.0822),(1128,83,'2017-04-01 08:58:18','2017-04-01 09:10:48','2017-04-01',749.998),(1129,81,'2017-04-01 09:00:51','2017-04-01 09:05:51','2017-04-01',300.151),(1130,61,'2017-04-01 09:01:01','2017-04-01 09:06:01','2017-04-01',300.218),(1131,84,'2017-04-01 09:04:47','2017-04-01 09:04:49','2017-04-01',2.37405),(1132,81,'2017-04-01 09:14:43','2017-04-01 09:19:43','2017-04-01',300.171),(1134,61,'2017-04-01 09:14:59','2017-04-01 09:19:58','2017-04-01',299.155),(1135,104,'2017-04-01 09:42:15','2017-04-01 12:03:55','2017-04-01',8500.07),(1136,81,'2017-04-01 10:02:39','2017-04-01 10:07:38','2017-04-01',299.13),(1137,81,'2017-04-01 10:18:28','2017-04-01 10:23:27','2017-04-01',299.157),(1138,61,'2017-04-01 10:45:30','2017-04-01 10:50:29','2017-04-01',299.169),(1139,61,'2017-04-01 12:11:24','2017-04-01 12:16:23','2017-04-01',299.219),(1140,102,'2017-04-01 14:03:09','2017-04-01 14:56:52','2017-04-01',3222.59),(1141,101,'2017-04-01 14:56:50','2017-04-01 14:56:52','2017-04-01',1.7183),(1142,60,'2017-04-01 14:56:50','2017-04-01 14:56:52','2017-04-01',2.49264),(1143,96,'2017-04-01 14:56:50','2017-04-01 14:56:52','2017-04-01',2.48282),(1144,97,'2017-04-01 14:56:51','2017-04-01 14:56:52','2017-04-01',1.27067),(1145,98,'2017-04-01 14:56:51','2017-04-01 14:56:52','2017-04-01',1.05849),(1146,102,'2017-04-01 15:03:03','2017-04-01 16:23:37','2017-04-01',4833.84),(1147,61,'2017-04-01 16:08:26','2017-04-01 16:13:26','2017-04-01',300.19),(1148,61,'2017-04-01 16:20:51','2017-04-01 16:25:50','2017-04-01',299.208),(1149,95,'2017-04-01 16:44:44','2017-04-01 16:47:20','2017-04-01',156.067),(1150,61,'2017-04-01 16:49:48','2017-04-01 16:54:47','2017-04-01',299.122),(1151,81,'2017-04-01 16:49:53','2017-04-01 16:54:52','2017-04-01',299.168),(1152,103,'2017-04-01 16:52:48','2017-04-01 16:53:27','2017-04-01',38.7462),(1154,81,'2017-04-01 16:58:10','2017-04-01 17:03:09','2017-04-01',299.23),(1155,61,'2017-04-01 16:58:10','2017-04-01 17:03:09','2017-04-01',299.2),(1156,61,'2017-04-01 17:03:11','2017-04-01 17:08:10','2017-04-01',299.193),(1157,81,'2017-04-01 17:03:11','2017-04-01 17:08:10','2017-04-01',299.223),(1158,84,'2017-04-01 17:04:08','2017-04-01 17:04:14','2017-04-01',6.22967),(1160,61,'2017-04-01 17:31:48','2017-04-01 17:34:15','2017-04-01',147.193),(1161,81,'2017-04-01 17:31:48','2017-04-01 17:34:15','2017-04-01',147.224),(1162,103,'2017-04-01 17:40:35','2017-04-01 17:51:22','2017-04-01',646.952),(1163,102,'2017-04-01 17:50:24','2017-04-01 18:15:04','2017-04-01',1480.24),(1164,81,'2017-04-01 18:11:30','2017-04-01 18:12:03','2017-04-01',33.2303),(1165,99,'2017-04-01 20:00:00','2017-04-02 00:00:00','2017-04-01',14400.4),(1166,82,'2017-04-01 20:45:01','2017-04-01 21:24:04','2017-04-01',2342.71),(1172,60,'2017-04-01 21:24:25','2017-04-01 23:00:02','2017-04-01',5737.21),(1173,89,'2017-04-01 23:21:49','2017-04-01 23:26:49','2017-04-01',300.129),(1174,102,'2017-04-01 23:24:13','2017-04-01 23:24:52','2017-04-01',38.8558),(1189,83,'2017-04-01 23:25:01','2017-04-01 23:30:09','2017-04-01',308.299),(1190,102,'2017-04-01 23:30:08','2017-04-01 23:33:07','2017-04-01',179.322),(1195,58,'2017-04-01 23:31:04','2017-04-01 23:31:55','2017-04-01',51.3805),(1196,103,'2017-04-01 23:31:29','2017-04-01 23:32:09','2017-04-01',39.9905),(1201,64,'2017-04-01 23:31:59','2017-04-01 23:33:07','2017-04-01',68.3695),(1207,103,'2017-04-01 23:33:37','2017-04-01 23:34:12','2017-04-01',35.021),(1212,103,'2017-04-02 04:14:31','2017-04-02 04:15:22','2017-04-02',50.8027),(1213,89,'2017-04-02 05:14:01','2017-04-02 07:14:01','2017-04-02',7199.96),(1214,95,'2017-04-02 07:07:43','2017-04-02 07:14:51','2017-04-02',427.867),(1215,83,'2017-04-02 07:16:38','2017-04-02 07:18:21','2017-04-02',102.908),(1217,84,'2017-04-02 07:18:34','2017-04-02 07:22:43','2017-04-02',249.318),(1218,61,'2017-04-02 07:22:47','2017-04-02 07:27:47','2017-04-02',300.152),(1219,81,'2017-04-02 07:22:48','2017-04-02 07:27:47','2017-04-02',299.183),(1220,103,'2017-04-02 09:06:20','2017-04-02 09:07:14','2017-04-02',54.2292),(1226,63,'2017-04-02 09:08:07','2017-04-02 09:26:38','2017-04-02',1110.77),(1231,83,'2017-04-02 09:28:55','2017-04-02 09:31:09','2017-04-02',133.783),(1232,95,'2017-04-02 10:17:56','2017-04-02 10:18:29','2017-04-02',32.8116),(1234,84,'2017-04-02 11:53:10','2017-04-02 11:53:30','2017-04-02',20.4749),(1235,61,'2017-04-02 11:53:34','2017-04-02 11:58:34','2017-04-02',300.153),(1236,81,'2017-04-02 11:53:35','2017-04-02 11:58:34','2017-04-02',299.184),(1238,61,'2017-04-02 12:05:32','2017-04-02 12:10:32','2017-04-02',300.128),(1239,81,'2017-04-02 12:05:33','2017-04-02 12:10:32','2017-04-02',299.158),(1240,81,'2017-04-02 12:37:57','2017-04-02 12:42:56','2017-04-02',299.13),(1241,84,'2017-04-02 12:39:43','2017-04-02 13:11:51','2017-04-02',1927.64),(1242,61,'2017-04-02 12:40:33','2017-04-02 12:45:33','2017-04-02',300.163),(1243,61,'2017-04-02 12:45:36','2017-04-02 12:50:36','2017-04-02',300.143),(1244,61,'2017-04-02 12:58:46','2017-04-02 13:03:45','2017-04-02',299.192),(1245,81,'2017-04-02 13:11:12','2017-04-02 13:16:12','2017-04-02',300.212),(1246,81,'2017-04-02 13:52:14','2017-04-02 13:57:13','2017-04-02',299.14),(1247,84,'2017-04-02 13:52:44','2017-04-02 13:53:13','2017-04-02',29.0075),(1248,61,'2017-04-02 14:05:37','2017-04-02 14:10:37','2017-04-02',300.149),(1250,61,'2017-04-02 14:16:53','2017-04-02 14:21:53','2017-04-02',300.178),(1251,81,'2017-04-02 14:16:53','2017-04-02 14:21:53','2017-04-02',300.208),(1252,81,'2017-04-02 14:35:43','2017-04-02 14:40:43','2017-04-02',300.18),(1253,61,'2017-04-02 14:35:54','2017-04-02 14:40:53','2017-04-02',299.146),(1254,61,'2017-04-02 14:41:25','2017-04-02 14:46:24','2017-04-02',299.143),(1255,61,'2017-04-02 14:47:03','2017-04-02 14:52:02','2017-04-02',299.166),(1257,82,'2017-04-02 14:51:09','2017-04-02 14:56:08','2017-04-02',299.203),(1258,81,'2017-04-02 14:51:34','2017-04-02 14:56:33','2017-04-02',299.129),(1259,81,'2017-04-02 15:02:52','2017-04-02 15:07:52','2017-04-02',300.202),(1260,61,'2017-04-02 15:03:04','2017-04-02 15:08:03','2017-04-02',299.188),(1262,84,'2017-04-02 15:08:37','2017-04-02 16:02:30','2017-04-02',3233.5),(1263,81,'2017-04-02 15:09:24','2017-04-02 15:09:28','2017-04-02',4.14797),(1264,61,'2017-04-02 15:09:26','2017-04-02 16:02:30','2017-04-02',3184.13),(1265,81,'2017-04-02 15:09:30','2017-04-02 15:14:24','2017-04-02',294.126),(1266,82,'2017-04-02 15:14:56','2017-04-02 15:19:55','2017-04-02',299.129),(1267,81,'2017-04-02 15:18:38','2017-04-02 16:02:30','2017-04-02',2632.19),(1268,81,'2017-04-02 17:43:44','2017-04-02 17:48:44','2017-04-02',300.146),(1269,61,'2017-04-02 17:43:57','2017-04-02 17:48:57','2017-04-02',300.123),(1270,99,'2017-04-02 20:00:01','2017-04-03 00:00:01','2017-04-02',14399.7),(1272,97,'2017-04-02 20:11:09','2017-04-02 21:31:29','2017-04-02',4820.26),(1277,60,'2017-04-02 20:46:23','2017-04-02 21:31:29','2017-04-02',2706.47),(1278,95,'2017-04-02 20:47:21','2017-04-02 20:58:34','2017-04-02',673.408),(1279,83,'2017-04-02 20:58:19','2017-04-02 21:11:29','2017-04-02',789.598),(1280,81,'2017-04-02 20:59:20','2017-04-02 21:04:19','2017-04-02',299.197),(1281,84,'2017-04-02 20:59:32','2017-04-02 21:31:28','2017-04-02',1916.29),(1282,61,'2017-04-02 21:01:13','2017-04-02 21:06:13','2017-04-02',300.202),(1283,102,'2017-04-02 21:11:15','2017-04-02 21:31:29','2017-04-02',1213.58),(1284,57,'2017-04-02 21:11:26','2017-04-02 21:23:25','2017-04-02',719.172),(1285,58,'2017-04-02 21:13:13','2017-04-02 21:23:29','2017-04-02',615.79),(1290,64,'2017-04-02 21:16:05','2017-04-02 21:31:29','2017-04-02',923.623),(1291,89,'2017-04-02 21:17:00','2017-04-03 00:00:01','2017-04-02',9780.95),(1292,103,'2017-04-02 21:24:15','2017-04-02 21:24:52','2017-04-02',37.1473),(1293,89,'2017-04-03 05:12:00','2017-04-03 07:12:01','2017-04-03',7200.94),(1294,103,'2017-04-03 08:44:14','2017-04-03 08:45:53','2017-04-03',98.6464),(1304,83,'2017-04-03 08:51:43','2017-04-03 08:54:37','2017-04-03',174.384),(1310,95,'2017-04-03 09:04:47','2017-04-03 09:05:43','2017-04-03',56.4594),(1312,81,'2017-04-03 12:46:58','2017-04-03 12:51:57','2017-04-03',299.199),(1314,84,'2017-04-03 14:02:33','2017-04-03 14:03:15','2017-04-03',42.3092),(1315,81,'2017-04-03 14:06:51','2017-04-03 14:11:50','2017-04-03',299.179),(1316,81,'2017-04-03 14:46:47','2017-04-03 14:51:46','2017-04-03',299.148),(1317,61,'2017-04-03 14:46:55','2017-04-03 14:51:54','2017-04-03',299.211),(1318,95,'2017-04-03 15:08:47','2017-04-03 15:09:26','2017-04-03',39.0517),(1319,81,'2017-04-03 16:21:47','2017-04-03 16:26:47','2017-04-03',300.199),(1320,61,'2017-04-03 16:22:01','2017-04-03 16:27:01','2017-04-03',300.176),(1321,84,'2017-04-03 16:24:00','2017-04-03 16:24:08','2017-04-03',8.00944),(1322,84,'2017-04-03 16:24:26','2017-04-03 16:30:22','2017-04-03',355.647),(1323,61,'2017-04-03 16:27:04','2017-04-03 16:28:54','2017-04-03',110.183),(1324,61,'2017-04-03 16:28:55','2017-04-03 16:33:55','2017-04-03',300.179),(1325,81,'2017-04-03 16:28:57','2017-04-03 16:43:47','2017-04-03',890.175),(1326,95,'2017-04-03 16:33:03','2017-04-03 16:34:04','2017-04-03',61.0993),(1327,61,'2017-04-03 16:42:43','2017-04-03 16:43:47','2017-04-03',64.1445),(1329,81,'2017-04-03 16:44:53','2017-04-03 16:49:52','2017-04-03',299.153),(1330,95,'2017-04-03 16:54:42','2017-04-03 16:56:06','2017-04-03',83.7216),(1332,104,'2017-04-03 19:16:09','2017-04-03 20:01:21','2017-04-03',2712.48),(1333,82,'2017-04-03 19:16:29','2017-04-03 19:21:28','2017-04-03',299.148),(1334,61,'2017-04-03 19:16:46','2017-04-03 19:21:45','2017-04-03',299.156),(1335,81,'2017-04-03 19:16:46','2017-04-03 19:21:45','2017-04-03',299.186),(1336,61,'2017-04-03 19:26:35','2017-04-03 19:31:34','2017-04-03',299.187),(1337,84,'2017-04-03 19:26:43','2017-04-03 19:49:46','2017-04-03',1383.48),(1340,84,'2017-04-03 19:49:47','2017-04-03 22:03:06','2017-04-03',7999.46),(1341,81,'2017-04-03 19:59:02','2017-04-03 20:04:01','2017-04-03',299.121),(1342,99,'2017-04-03 20:00:00','2017-04-04 00:00:00','2017-04-03',14400.4),(1343,95,'2017-04-03 20:10:02','2017-04-03 20:17:36','2017-04-03',454.022),(1344,102,'2017-04-03 20:10:14','2017-04-03 20:21:46','2017-04-03',691.923),(1345,103,'2017-04-03 20:16:51','2017-04-03 20:20:55','2017-04-03',244.158),(1346,89,'2017-04-03 21:18:01','2017-04-04 00:00:01','2017-04-03',9719.62),(1347,100,'2017-04-03 21:26:05','2017-04-03 21:27:01','2017-04-03',55.9689),(1352,60,'2017-04-03 21:45:23','2017-04-03 22:13:51','2017-04-03',1708.32),(1353,96,'2017-04-03 21:46:03','2017-04-03 22:13:51','2017-04-03',1668.31),(1354,98,'2017-04-03 21:46:03','2017-04-03 22:13:51','2017-04-03',1667.88),(1355,83,'2017-04-03 21:46:53','2017-04-03 22:08:36','2017-04-03',1303.21),(1357,81,'2017-04-03 21:49:18','2017-04-03 21:54:17','2017-04-03',299.191),(1358,102,'2017-04-03 22:00:22','2017-04-03 22:13:39','2017-04-03',796.658),(1359,57,'2017-04-03 22:00:35','2017-04-03 22:13:39','2017-04-03',783.727),(1360,81,'2017-04-03 22:02:18','2017-04-03 22:07:18','2017-04-03',300.125),(1361,61,'2017-04-03 22:05:50','2017-04-03 22:10:49','2017-04-03',299.182),(1362,84,'2017-04-03 22:05:55','2017-04-03 22:07:49','2017-04-03',113.977),(1367,64,'2017-04-03 22:11:38','2017-04-03 22:13:40','2017-04-03',121.576),(1368,103,'2017-04-03 22:12:52','2017-04-03 22:12:55','2017-04-03',3.04117),(1369,101,'2017-04-03 22:13:38','2017-04-03 22:13:51','2017-04-03',12.5446),(1375,103,'2017-04-04 00:39:40','2017-04-04 00:40:44','2017-04-04',64.0242),(1377,89,'2017-04-04 06:52:45','2017-04-04 06:57:44','2017-04-04',299.172),(1378,95,'2017-04-04 07:10:59','2017-04-04 07:11:58','2017-04-04',59.0123),(1379,83,'2017-04-04 07:12:26','2017-04-04 07:32:53','2017-04-04',1227.39),(1385,103,'2017-04-04 07:17:11','2017-04-04 07:17:48','2017-04-04',36.9389),(1390,57,'2017-04-04 07:20:11','2017-04-04 07:21:44','2017-04-04',92.9239),(1391,83,'2017-04-04 07:40:39','2017-04-04 07:41:48','2017-04-04',68.7942),(1392,95,'2017-04-04 09:44:08','2017-04-04 09:46:05','2017-04-04',116.951),(1394,84,'2017-04-04 10:51:00','2017-04-04 10:52:54','2017-04-04',114.093),(1395,81,'2017-04-04 10:53:05','2017-04-04 10:58:05','2017-04-04',300.143),(1397,84,'2017-04-04 13:59:52','2017-04-04 14:02:44','2017-04-04',171.796),(1398,81,'2017-04-04 14:02:58','2017-04-04 14:07:57','2017-04-04',299.123),(1399,58,'2017-04-04 15:32:04','2017-04-04 15:36:43','2017-04-04',278.522),(1400,57,'2017-04-04 15:36:42','2017-04-04 15:36:43','2017-04-04',1.09144),(1401,103,'2017-04-04 16:29:36','2017-04-04 16:31:57','2017-04-04',141.032),(1402,99,'2017-04-04 20:00:01','2017-04-05 00:00:00','2017-04-04',14399),(1403,95,'2017-04-04 20:17:13','2017-04-04 20:18:08','2017-04-04',55.2737),(1404,95,'2017-04-04 20:18:10','2017-04-04 20:18:40','2017-04-04',29.7956),(1405,95,'2017-04-04 20:19:46','2017-04-04 20:28:39','2017-04-04',533.474),(1406,83,'2017-04-04 20:24:37','2017-04-04 20:25:21','2017-04-04',44.4598),(1407,98,'2017-04-04 20:25:22','2017-04-04 20:38:44','2017-04-04',802.093),(1413,83,'2017-04-04 20:34:00','2017-04-04 20:35:53','2017-04-04',113.039),(1424,57,'2017-04-04 20:39:07','2017-04-04 20:48:10','2017-04-04',543.437),(1429,58,'2017-04-04 20:48:10','2017-04-04 21:29:41','2017-04-04',2490.52),(1430,89,'2017-04-04 21:20:01','2017-04-05 00:00:00','2017-04-04',9599.26),(1449,102,'2017-04-04 21:29:30','2017-04-04 22:07:06','2017-04-04',2256.39),(1454,60,'2017-04-04 21:29:50','2017-04-04 22:07:07','2017-04-04',2237.28),(1455,98,'2017-04-04 21:30:02','2017-04-04 22:07:07','2017-04-04',2224.86),(1456,83,'2017-04-04 21:53:16','2017-04-04 22:07:06','2017-04-04',830.229),(1457,103,'2017-04-04 22:02:39','2017-04-04 22:06:37','2017-04-04',237.79),(1459,64,'2017-04-04 22:07:05','2017-04-04 22:07:06','2017-04-04',1.43347),(1464,64,'2017-04-04 22:07:12','2017-04-04 22:07:13','2017-04-04',1.4635),(1465,103,'2017-04-05 00:09:10','2017-04-05 00:09:46','2017-04-05',36.4165),(1466,89,'2017-04-05 05:08:00','2017-04-05 07:08:01','2017-04-05',7200.7),(1467,63,'2017-04-05 06:42:58','2017-04-05 06:45:38','2017-04-05',159.823),(1473,58,'2017-04-05 06:46:20','2017-04-05 06:49:43','2017-04-05',202.992),(1474,95,'2017-04-05 06:50:19','2017-04-05 06:51:09','2017-04-05',50.2353),(1480,83,'2017-04-05 06:51:31','2017-04-05 06:54:01','2017-04-05',150.405),(1481,98,'2017-04-05 06:54:02','2017-04-05 07:02:03','2017-04-05',481.109),(1482,103,'2017-04-05 06:58:33','2017-04-05 06:59:16','2017-04-05',42.8673),(1483,57,'2017-04-05 06:59:22','2017-04-05 06:59:39','2017-04-05',17.0019),(1484,63,'2017-04-05 07:00:41','2017-04-05 07:01:14','2017-04-05',33.4864),(1488,64,'2017-04-05 07:01:15','2017-04-05 07:01:15','2017-04-05',0.370373),(1489,57,'2017-04-05 07:01:18','2017-04-05 07:02:03','2017-04-05',45.2665),(1490,100,'2017-04-05 07:01:58','2017-04-05 07:01:59','2017-04-05',0.891258),(1491,96,'2017-04-05 07:01:59','2017-04-05 07:02:00','2017-04-05',1.35036),(1495,60,'2017-04-05 07:02:01','2017-04-05 07:02:01','2017-04-05',0.045811),(1496,102,'2017-04-05 07:02:05','2017-04-05 07:03:46','2017-04-05',101.047),(1497,83,'2017-04-05 07:04:20','2017-04-05 07:04:35','2017-04-05',15.1878),(1498,98,'2017-04-05 07:04:36','2017-04-05 07:04:38','2017-04-05',2.4592),(1499,97,'2017-04-05 07:04:39','2017-04-05 10:56:44','2017-04-05',13925.2),(1500,82,'2017-04-05 07:43:47','2017-04-05 07:49:50','2017-04-05',363.275),(1501,104,'2017-04-05 08:34:51','2017-04-05 09:02:00','2017-04-05',1628.97),(1510,64,'2017-04-05 09:02:23','2017-04-05 09:02:23','2017-04-05',-0.082566),(1511,98,'2017-04-05 10:56:43','2017-04-05 10:56:43','2017-04-05',0.474164),(1513,84,'2017-04-05 11:55:52','2017-04-05 11:59:14','2017-04-05',201.514),(1514,81,'2017-04-05 11:59:29','2017-04-05 12:04:29','2017-04-05',300.138),(1515,95,'2017-04-05 14:19:48','2017-04-05 14:21:28','2017-04-05',100.206);
/*!40000 ALTER TABLE `Core_Stats` ENABLE KEYS */;
UNLOCK TABLES;

--
-- Table structure for table `Core_vButtonDB`
--

DROP TABLE IF EXISTS `Core_vButtonDB`;
/*!40101 SET @saved_cs_client     = @@character_set_client */;
/*!40101 SET character_set_client = utf8 */;
CREATE TABLE `Core_vButtonDB` (
  `id` int(11) NOT NULL AUTO_INCREMENT,
  `naam` varchar(50) NOT NULL,
  `omschrijving` varchar(255) DEFAULT NULL,
  `Mode` varchar(5) NOT NULL DEFAULT '1',
  `secBetweenActions` int(10) NOT NULL DEFAULT '0',
  `MD` tinyint(1) NOT NULL DEFAULT '0',
  `IdleTime` int(10) NOT NULL DEFAULT '1800',
  `FBL` varchar(5) NOT NULL DEFAULT 'NONE',
  `FBL_Status` varchar(5) NOT NULL DEFAULT 'DOWN',
  `Delay` int(11) NOT NULL DEFAULT '0',
  `arduino` int(2) NOT NULL,
  `pin` int(2) NOT NULL,
  `actie` varchar(255) DEFAULT NULL,
  `Core_Devices` int(10) NOT NULL,
  PRIMARY KEY (`id`)
) ENGINE=InnoDB AUTO_INCREMENT=161 DEFAULT CHARSET=latin1;
/*!40101 SET character_set_client = @saved_cs_client */;

--
-- Dumping data for table `Core_vButtonDB`
--

LOCK TABLES `Core_vButtonDB` WRITE;
/*!40000 ALTER TABLE `Core_vButtonDB` DISABLE KEYS */;
INSERT INTO `Core_vButtonDB` VALUES (0,'Arduino0/0','Kelder Hal links','3',2,0,0,'NONE','DOWN',0,0,0,'3|2|R|1|8|T|E|BTF|R|1|8|Off|300|E',0),(1,'Arduino0/1','Kelder 1','1',0,0,0,'FBL','DOWN',0,0,1,'1|FBL|R|1|11|T|E',0),(2,'Arduino0/2','Kelder 2','3',2,0,0,'NONE','DOWN',0,0,2,'3|2|R|1|9|T|E|BTF|R|1|9|Off|300|E',0),(3,'Arduino0/3','Kelder 3','3',2,0,0,'NONE','DOWN',0,0,3,'3|2|R|0|4|T|E|BTF|R|0|4|Off|300|E',0),(4,'Arduino0/4','','1',0,0,0,'NONE','DOWN',0,0,4,'1|K|0|PT|E',0),(5,'Arduino0/5','','1',0,0,0,'NONE','DOWN',0,0,5,'',0),(6,'Arduino0/6',NULL,'1',0,0,0,'NONE','DOWN',0,0,6,'',0),(7,'Arduino0/7',NULL,'1',0,0,0,'NONE','DOWN',0,0,7,'',0),(8,'Arduino0/8',NULL,'1',0,0,0,'NONE','DOWN',0,0,8,'',0),(9,'Arduino0/9',NULL,'1',0,0,0,'NONE','DOWN',0,0,9,'',0),(10,'Arduino0/10',NULL,'1',0,0,0,'NONE','DOWN',0,0,10,'',0),(11,'Arduino0/11',NULL,'1',0,0,0,'NONE','DOWN',0,0,11,'',0),(12,'Rolluik2 - AF','Rolluik 2 AF - Nog niet aangesloten','1',0,0,0,'CFBL','DOWN',0,0,12,'1|CFBL|R|1|12|Off|1|E|R|0|12|On|0|E|R|0|13|Off|0|E',0),(13,'Rolluik2 - OP','Rolluik 2 OP - Nog niet aangesloten','1',0,0,0,'CFBL','UP',0,0,13,'1|CFBL|R|1|13|Off|1|E|R|0|13|On|0|E|R|0|12|Off|0|E',0),(14,'Rolluik1 - AF','Rolluik 1 AF - Nog niet aangesloten','1',0,0,0,'CFBL','DOWN',0,0,14,'1|CFBL|R|1|14|Off|1|E|R|0|14|On|0|E|R|0|15|Off|0|E',0),(15,'Rolluik1 - OP','Rolluik 1 OP - Nog niet aangesloten','1',0,0,0,'CFBL','UP',0,0,15,'1|CFBL|R|1|15|Off|1|E|R|0|15|On|0|E|R|0|14|Off|0|E',0),(16,'Arduino1/0','Gang Beneden 2/2','1',0,0,0,'FBL','DOWN',0,1,0,'1|FBL|R|2;0;2;2;2|12;3;7;8;9|T|E',1),(17,'Arduino1/1','Keuken - Terras - 3/1','1',0,0,0,'FBL','DOWN',0,1,1,'1|FBL|R|2|1|T|E',1),(18,'Arduino1/2','Berging 1/2 + Keuken - Berging 3/2 + Berging Buiten 1/2','1',0,0,0,'FBL','DOWN',0,1,2,'1|FBL|R|1|10|T|E',1),(19,'Arduino1/3','Berging 1/1','3',2,0,0,'NONE','DOWN',0,1,3,'3|2|R|0;1;1;1|4;8;9;11|Off|0|E|BTF|R|1|8|Off|300|E',1),(20,'Arduino1/4','Keuken - Terras - 1/2','1',0,0,0,'FBL','DOWN',0,1,4,'1|FBL|R|2|8|T|E',1),(21,'Arduino1/5','WC','1',0,0,0,'FBL','DOWN',0,1,5,'1|FBL|R|2|6|T|E',1),(22,'Arduino1/6',NULL,'1',0,0,0,'NONE','DOWN',0,1,6,'',1),(23,'Arduino1/7','Gang Beneden 1/1','1',0,0,0,'FBL','DOWN',0,1,7,'1|FBL|R|2|13|T|E',1),(24,'Arduino1/8','Keuken - Terras - 1/1 + Keuken - Berging - 1/1 + Zithoek 2/1','1',0,0,0,'FBL','DOWN',0,1,8,'1|FBL|R|2|9|T|E',1),(25,'Arduino1/9','Keuken - Terras - 2/2 + Keuken - Berging 2/1 + Zithoek 2/2','1',0,0,0,'NONE','DOWN',0,1,9,'1|R|2|11|T|E',1),(26,'Arduino1/10','Keuken - Terras - 2/1 + Keuken - Berging 2/2 + Zithoek 1/2','1',0,0,0,'NONE','DOWN',0,1,10,'1|R|2|7|T|E',1),(27,'Arduino1/11','Keuken - Terras - 3/2 + Keuken - Berging 3/1 + Zithoek 1/1','3',2,0,0,'FBL','DOWN',0,1,11,'3|2|FBL|BD|-1|1000|0|3|E|BTF|BD|100|1000|0|3|T|E',1),(28,'Arduino1/12','Berging Buiten 1/1','1',0,0,0,'NONE','DOWN',0,1,12,'1|R|1;0;2;2|10;3;7;9|T|E',1),(29,'Arduino1/13','Gang Beneden 2/1 + Berging Buiten 2/1 + Berging Buiten 2/2: ALLES UIT','1',0,0,0,'FBL','DOWN',0,1,13,'1|FBL|R|1;2;2;2;2;2;2;2;2;2;2;0;1;1;1;0;0;0;0;0;0;0|11;15;14;13;12;11;9;8;7;6;3;0;10;9;8;7;6;5;4;3;2;1|Off|0|E',1),(30,'Arduino1/14','Gang Beneden 1/2','1',0,0,0,'NONE','DOWN',0,1,14,'1|R|2|12|T|E',1),(31,'Arduino1/15',NULL,'1',0,0,0,'NONE','DOWN',0,1,15,'',1),(32,'Arduino2/0','NOT Connected','1',0,0,0,'NONE','DOWN',0,2,0,'',2),(33,'Arduino2/1',NULL,'1',0,0,0,'NONE','DOWN',0,2,1,'',2),(34,'Arduino2/2',NULL,'1',0,0,0,'NONE','DOWN',0,2,2,'',2),(35,'Arduino2/3',NULL,'1',0,0,0,'NONE','DOWN',0,2,3,'',2),(36,'Arduino2/4','Trap boven 2/2','1',0,0,0,'FBL','DOWN',0,2,4,'1|FBL|R|0;0;0;0;0;2;2;2|0;1;5;6;7;13;14;15|Off|0|E',2),(37,'Arduino2/5','Trap boven 1/1','1',0,0,0,'NONE','DOWN',0,2,5,'1|R|2|13|T|E',2),(38,'Arduino2/6','Trap boven 1/2 + Gang Boven','1',0,0,0,'FBL','DOWN',0,2,6,'1|FBL|R|2|13|T|E',2),(39,'Arduino2/7','Kamer 3','1',0,0,0,'FBL','DOWN',0,2,7,'1|FBL|R|2|15|T|E',2),(40,'Arduino2/8','Kamer 2','1',0,0,0,'FBL','DOWN',0,2,8,'1|FBL|R|0|5|T|E',2),(41,'Arduino2/9','WC Boven','1',0,0,0,'FBL','DOWN',0,2,9,'1|FBL|R|2|14|T|E',2),(42,'Arduino2/10','Kamer 1 1/1 + Bed','3',3,0,0,'NONE','DOWN',0,2,10,'3|3|BD|-1|1000|0|7|E|BTF|R|0|6|Off|0|E|BD|-1|1000|0|7|T|E',2),(43,'Arduino2/11','Dressing','1',0,0,0,'NONE','DOWN',0,2,11,'1|R|0|6|T|E',2),(44,'Arduino2/12','Trap boven 2/1','1',0,0,0,'NONE','DOWN',0,2,12,'1|R|2|12|T|E',2),(45,'Arduino2/13','Kamer 1 1/2 - ALLES AAN','3',1,0,0,'NONE','DOWN',0,2,13,'3|1|R|1;2;2;2;2;2;2;2;2;2;0;1;1;1;0;0;0;0;0;0|11;15;14;13;12;11;9;8;7;6;0;10;9;8;7;6;5;4;3;1|Off|0|E|BTF|R|0;0;0;0|0;3;5;6|On|0|E',2),(46,'Arduino2/14','Badkamer 1/2','1',0,0,0,'FBL','DOWN',0,2,14,'1|FBL|R|0|1|T|E',2),(47,'Arduino2/15','Badkamer 1/1','1',0,0,0,'FBL','DOWN',0,2,15,'1|FBL|R|0|0|T|E',2),(137,'Virt_Voordeur','Buitenverlichting  AAN ','1',0,0,0,'FBL','DOWN',0,3,0,'1|FBL|R|2|0|T|E',3),(138,'Virt_Zijdeur','Toggle buitenverlichting zijdeur','1',0,0,0,'FBL','DOWN',0,3,1,'1|FBL|R|2|2|T|E',3),(139,'Virt_Trap AAN','Trap AAN','1',0,0,0,'NONE','DOWN',0,3,2,'1|R|2|10|On|0|E',3),(140,'Virt_Trap UIT','Trap UIT','1',0,0,0,'NONE','DOWN',0,3,3,'1|R|2|10|Off|0|E',3),(141,'Virt_UIT Kelder','Alles UIT Kelder','1',0,0,0,'FBL','DOWN',0,3,4,'1|FBL|R|0;1;1;1|4;8;9;11|Off|0|E',3),(142,'Virt_UIT Gelijkvloers','Alles UIT Gelijkvloers','1',0,0,0,'FBL','DOWN',0,3,5,'1|FBL|R|0;1;2;2;2;2;2;2|3;10;6;7;8;9;11;12|Off|0|E',3),(143,'Virt_UIT Verdiep','Alles UIT Verdiep','1',0,0,0,'FBL','DOWN',0,3,6,'1|FBL|R|0;0|0;1|Off|10|E',3),(144,'Virt_Voordeur 5min ','Aan voor 5 min buiten','1',0,0,0,'NONE','DOWN',0,3,7,'1|R|2|0|Off|300|CA|R|2|0|SD;0;30|E',3),(145,'Virt_Buiten_AAN','Buitenverlichting AAN','1',0,0,0,'NONE','DOWN',0,3,8,'1|R|2|0|On|0|E',3),(146,'Virt_Buiten_UIT','Buitenverlichting UIT','1',0,0,0,'NONE','DOWN',0,3,9,'1|R|2|0|Off|0|E',3),(147,'Virt_Trap','Trap','1',0,0,0,'FBL','DOWN',0,3,10,'1|FBL|R|2|10|T|E',3),(148,'Virt_Wijnkelder','Wijnkelder Toggle','1',0,0,0,'FBL','DOWN',0,3,11,'1|FBL|R|1|9|T|E',3),(149,'Virt_KelderTrap','Trap','1',0,0,0,'FBL','DOWN',0,3,12,'1|FBL|R|1|8|T|E',3),(150,'Virt_Kelder3','Achterkelder','1',0,0,0,'FBL','DOWN',0,3,13,'1|FBL|R|0|4|T|E',3),(151,'VirtualArduino3/14',NULL,'1',0,0,0,'FBL','DOWN',0,3,14,'1|FBL|R|2|8|T|E',3),(152,'VirtualArduino3/15',NULL,'1',0,0,1800,'NONE','DOWN',0,3,15,'',3),(153,'Radio4/0',NULL,'1',0,0,1800,'NONE','DOWN',0,4,0,'',5),(154,'Radio4/1',NULL,'1',0,0,1800,'NONE','DOWN',0,4,1,'',5),(155,'Radio4/2',NULL,'1',0,0,1800,'NONE','DOWN',0,4,2,'',5),(156,'Radio4/3',NULL,'1',0,0,1800,'NONE','DOWN',0,4,3,'',5),(157,'Radio4/4',NULL,'1',0,0,1800,'NONE','DOWN',0,4,4,'',5),(158,'Radio4/5',NULL,'1',0,0,1800,'NONE','DOWN',0,4,5,'',5),(159,'Radio4/6',NULL,'1',0,0,0,'NONE','DOWN',0,4,6,'',5),(160,'Radio4/7',NULL,'1',0,0,1800,'NONE','DOWN',0,4,7,'K|0',5);
/*!40000 ALTER TABLE `Core_vButtonDB` ENABLE KEYS */;
UNLOCK TABLES;
/*!50003 SET @saved_cs_client      = @@character_set_client */ ;
/*!50003 SET @saved_cs_results     = @@character_set_results */ ;
/*!50003 SET @saved_col_connection = @@collation_connection */ ;
/*!50003 SET character_set_client  = utf8mb4 */ ;
/*!50003 SET character_set_results = utf8mb4 */ ;
/*!50003 SET collation_connection  = utf8mb4_general_ci */ ;
/*!50003 SET @saved_sql_mode       = @@sql_mode */ ;
/*!50003 SET sql_mode              = 'NO_AUTO_VALUE_ON_ZERO' */ ;
DELIMITER ;;
/*!50003 CREATE*/ /*!50017 DEFINER=`root`@`localhost`*/ /*!50003 TRIGGER `Delete Dependen FBL` AFTER DELETE ON `Core_vButtonDB` FOR EACH ROW DELETE FROM Core_vButtonDB_actions_FBL WHERE Core_vButtonDB_actions_FBL.Core_vButtonDB_id = old.id */;;
DELIMITER ;
/*!50003 SET sql_mode              = @saved_sql_mode */ ;
/*!50003 SET character_set_client  = @saved_cs_client */ ;
/*!50003 SET character_set_results = @saved_cs_results */ ;
/*!50003 SET collation_connection  = @saved_col_connection */ ;
/*!50003 SET @saved_cs_client      = @@character_set_client */ ;
/*!50003 SET @saved_cs_results     = @@character_set_results */ ;
/*!50003 SET @saved_col_connection = @@collation_connection */ ;
/*!50003 SET character_set_client  = utf8mb4 */ ;
/*!50003 SET character_set_results = utf8mb4 */ ;
/*!50003 SET collation_connection  = utf8mb4_general_ci */ ;
/*!50003 SET @saved_sql_mode       = @@sql_mode */ ;
/*!50003 SET sql_mode              = 'NO_AUTO_VALUE_ON_ZERO' */ ;
DELIMITER ;;
/*!50003 CREATE*/ /*!50017 DEFINER=`root`@`localhost`*/ /*!50003 TRIGGER `Delete Owntrack Actions` AFTER DELETE ON `Core_vButtonDB` FOR EACH ROW DELETE FROM Owntracks_action WHERE Owntracks_action.Core_vButtonDB = old.id */;;
DELIMITER ;
/*!50003 SET sql_mode              = @saved_sql_mode */ ;
/*!50003 SET character_set_client  = @saved_cs_client */ ;
/*!50003 SET character_set_results = @saved_cs_results */ ;
/*!50003 SET collation_connection  = @saved_col_connection */ ;
/*!50003 SET @saved_cs_client      = @@character_set_client */ ;
/*!50003 SET @saved_cs_results     = @@character_set_results */ ;
/*!50003 SET @saved_col_connection = @@collation_connection */ ;
/*!50003 SET character_set_client  = utf8mb4 */ ;
/*!50003 SET character_set_results = utf8mb4 */ ;
/*!50003 SET collation_connection  = utf8mb4_general_ci */ ;
/*!50003 SET @saved_sql_mode       = @@sql_mode */ ;
/*!50003 SET sql_mode              = 'NO_AUTO_VALUE_ON_ZERO' */ ;
DELIMITER ;;
/*!50003 CREATE*/ /*!50017 DEFINER=`root`@`localhost`*/ /*!50003 TRIGGER `Delete Timer_Actions` AFTER DELETE ON `Core_vButtonDB` FOR EACH ROW DELETE FROM Timer_Actions WHERE Timer_Actions.Core_vButton_id = old.id */;;
DELIMITER ;
/*!50003 SET sql_mode              = @saved_sql_mode */ ;
/*!50003 SET character_set_client  = @saved_cs_client */ ;
/*!50003 SET character_set_results = @saved_cs_results */ ;
/*!50003 SET collation_connection  = @saved_col_connection */ ;
/*!50003 SET @saved_cs_client      = @@character_set_client */ ;
/*!50003 SET @saved_cs_results     = @@character_set_results */ ;
/*!50003 SET @saved_col_connection = @@collation_connection */ ;
/*!50003 SET character_set_client  = utf8mb4 */ ;
/*!50003 SET character_set_results = utf8mb4 */ ;
/*!50003 SET collation_connection  = utf8mb4_general_ci */ ;
/*!50003 SET @saved_sql_mode       = @@sql_mode */ ;
/*!50003 SET sql_mode              = 'NO_AUTO_VALUE_ON_ZERO' */ ;
DELIMITER ;;
/*!50003 CREATE*/ /*!50017 DEFINER=`root`@`localhost`*/ /*!50003 TRIGGER `Delete dependent Action` AFTER DELETE ON `Core_vButtonDB` FOR EACH ROW DELETE FROM Core_vButtonDB_actions WHERE Core_vButtonDB_actions.core_vButtonDB_id = old.id */;;
DELIMITER ;
/*!50003 SET sql_mode              = @saved_sql_mode */ ;
/*!50003 SET character_set_client  = @saved_cs_client */ ;
/*!50003 SET character_set_results = @saved_cs_results */ ;
/*!50003 SET collation_connection  = @saved_col_connection */ ;
/*!50003 SET @saved_cs_client      = @@character_set_client */ ;
/*!50003 SET @saved_cs_results     = @@character_set_results */ ;
/*!50003 SET @saved_col_connection = @@collation_connection */ ;
/*!50003 SET character_set_client  = utf8mb4 */ ;
/*!50003 SET character_set_results = utf8mb4 */ ;
/*!50003 SET collation_connection  = utf8mb4_general_ci */ ;
/*!50003 SET @saved_sql_mode       = @@sql_mode */ ;
/*!50003 SET sql_mode              = 'NO_AUTO_VALUE_ON_ZERO' */ ;
DELIMITER ;;
/*!50003 CREATE*/ /*!50017 DEFINER=`root`@`localhost`*/ /*!50003 TRIGGER `Delete html_vButton` AFTER DELETE ON `Core_vButtonDB` FOR EACH ROW DELETE from html_vButton WHERE html_vButton.vButton_id = old.id */;;
DELIMITER ;
/*!50003 SET sql_mode              = @saved_sql_mode */ ;
/*!50003 SET character_set_client  = @saved_cs_client */ ;
/*!50003 SET character_set_results = @saved_cs_results */ ;
/*!50003 SET collation_connection  = @saved_col_connection */ ;

--
-- Table structure for table `Core_vButtonDB_FBL`
--

DROP TABLE IF EXISTS `Core_vButtonDB_FBL`;
/*!40101 SET @saved_cs_client     = @@character_set_client */;
/*!40101 SET character_set_client = utf8 */;
CREATE TABLE `Core_vButtonDB_FBL` (
  `code` varchar(5) NOT NULL,
  `omschrijving` varchar(32) NOT NULL,
  `volgorde` int(3) NOT NULL,
  PRIMARY KEY (`code`)
) ENGINE=InnoDB DEFAULT CHARSET=latin1;
/*!40101 SET character_set_client = @saved_cs_client */;

--
-- Dumping data for table `Core_vButtonDB_FBL`
--

LOCK TABLES `Core_vButtonDB_FBL` WRITE;
/*!40000 ALTER TABLE `Core_vButtonDB_FBL` DISABLE KEYS */;
INSERT INTO `Core_vButtonDB_FBL` VALUES ('CFBL','FBL_Mode_1',4),('FBL','FBL_Mode_2',2),('NONE','FBL_Mode_3',1),('RCFBL','FBL_Mode_4',5),('RFBL','FBL_Mode_5',3);
/*!40000 ALTER TABLE `Core_vButtonDB_FBL` ENABLE KEYS */;
UNLOCK TABLES;
/*!50003 SET @saved_cs_client      = @@character_set_client */ ;
/*!50003 SET @saved_cs_results     = @@character_set_results */ ;
/*!50003 SET @saved_col_connection = @@collation_connection */ ;
/*!50003 SET character_set_client  = utf8mb4 */ ;
/*!50003 SET character_set_results = utf8mb4 */ ;
/*!50003 SET collation_connection  = utf8mb4_general_ci */ ;
/*!50003 SET @saved_sql_mode       = @@sql_mode */ ;
/*!50003 SET sql_mode              = 'NO_AUTO_VALUE_ON_ZERO' */ ;
DELIMITER ;;
/*!50003 CREATE*/ /*!50017 DEFINER=`root`@`localhost`*/ /*!50003 TRIGGER `Delete from Core_vButtonDB FBL` AFTER DELETE ON `Core_vButtonDB_FBL` FOR EACH ROW DELETE FROM Core_vButtonDB WHERE Core_vButtonDB.FBL = Old.code */;;
DELIMITER ;
/*!50003 SET sql_mode              = @saved_sql_mode */ ;
/*!50003 SET character_set_client  = @saved_cs_client */ ;
/*!50003 SET character_set_results = @saved_cs_results */ ;
/*!50003 SET collation_connection  = @saved_col_connection */ ;

--
-- Table structure for table `Core_vButtonDB_Mode`
--

DROP TABLE IF EXISTS `Core_vButtonDB_Mode`;
/*!40101 SET @saved_cs_client     = @@character_set_client */;
/*!40101 SET character_set_client = utf8 */;
CREATE TABLE `Core_vButtonDB_Mode` (
  `code` varchar(5) NOT NULL,
  `omschrijving` varchar(32) NOT NULL,
  `hide` varchar(255) DEFAULT NULL,
  `display` varchar(255) DEFAULT NULL,
  PRIMARY KEY (`code`)
) ENGINE=InnoDB DEFAULT CHARSET=latin1;
/*!40101 SET character_set_client = @saved_cs_client */;

--
-- Dumping data for table `Core_vButtonDB_Mode`
--

LOCK TABLES `Core_vButtonDB_Mode` WRITE;
/*!40000 ALTER TABLE `Core_vButtonDB_Mode` DISABLE KEYS */;
INSERT INTO `Core_vButtonDB_Mode` VALUES ('0','Core_vButtonDB_Mode0','MultipleActions|motion|SecondAction',NULL),('1','Core_vButtonDB_Mode2','MultipleActions|SecondAction','motion'),('3','Core_vButtonDB_Mode3','motion','MultipleActions|SecondAction');
/*!40000 ALTER TABLE `Core_vButtonDB_Mode` ENABLE KEYS */;
UNLOCK TABLES;
/*!50003 SET @saved_cs_client      = @@character_set_client */ ;
/*!50003 SET @saved_cs_results     = @@character_set_results */ ;
/*!50003 SET @saved_col_connection = @@collation_connection */ ;
/*!50003 SET character_set_client  = utf8mb4 */ ;
/*!50003 SET character_set_results = utf8mb4 */ ;
/*!50003 SET collation_connection  = utf8mb4_general_ci */ ;
/*!50003 SET @saved_sql_mode       = @@sql_mode */ ;
/*!50003 SET sql_mode              = 'NO_AUTO_VALUE_ON_ZERO' */ ;
DELIMITER ;;
/*!50003 CREATE*/ /*!50017 DEFINER=`root`@`localhost`*/ /*!50003 TRIGGER `Delete from Core_vButtonDB` AFTER DELETE ON `Core_vButtonDB_Mode` FOR EACH ROW DELETE FROM Core_vButtonDB WHERE Core_vButtonDB.Mode = old.code */;;
DELIMITER ;
/*!50003 SET sql_mode              = @saved_sql_mode */ ;
/*!50003 SET character_set_client  = @saved_cs_client */ ;
/*!50003 SET character_set_results = @saved_cs_results */ ;
/*!50003 SET collation_connection  = @saved_col_connection */ ;

--
-- Table structure for table `Core_vButtonDB_actions`
--

DROP TABLE IF EXISTS `Core_vButtonDB_actions`;
/*!40101 SET @saved_cs_client     = @@character_set_client */;
/*!40101 SET character_set_client = utf8 */;
CREATE TABLE `Core_vButtonDB_actions` (
  `id` int(11) NOT NULL AUTO_INCREMENT,
  `core_vButtonDB_id` int(11) NOT NULL,
  `type` varchar(5) NOT NULL,
  `action_nummer` int(11) NOT NULL DEFAULT '1',
  `dim_speed` int(5) DEFAULT NULL,
  `light_level` int(5) DEFAULT NULL,
  `condition` varchar(5) DEFAULT 'NONE',
  `SD` tinyint(1) NOT NULL DEFAULT '0',
  `SD_Before` int(5) NOT NULL DEFAULT '0',
  `SD_After` int(5) DEFAULT '0',
  `timer` int(10) DEFAULT NULL,
  `mail` varchar(255) DEFAULT NULL,
  `delay` tinyint(1) DEFAULT '0',
  `kodi_action` varchar(2) DEFAULT NULL,
  `kodi_zender` int(10) DEFAULT NULL,
  `kodi_volume` varchar(10) DEFAULT NULL,
  PRIMARY KEY (`id`)
) ENGINE=InnoDB AUTO_INCREMENT=131 DEFAULT CHARSET=latin1;
/*!40101 SET character_set_client = @saved_cs_client */;

--
-- Dumping data for table `Core_vButtonDB_actions`
--

LOCK TABLES `Core_vButtonDB_actions` WRITE;
/*!40000 ALTER TABLE `Core_vButtonDB_actions` DISABLE KEYS */;
INSERT INTO `Core_vButtonDB_actions` VALUES (2,1,'T',1,NULL,NULL,'NONE',0,0,0,0,'',0,NULL,NULL,NULL),(19,18,'T',1,NULL,NULL,'NONE',0,0,0,0,'',0,NULL,NULL,NULL),(21,20,'T',1,NULL,NULL,'NONE',0,0,0,0,'',0,NULL,NULL,NULL),(22,21,'T',1,NULL,NULL,'NONE',0,0,0,0,'',0,NULL,NULL,NULL),(27,47,'T',1,NULL,NULL,'NONE',0,0,0,0,'',0,NULL,NULL,NULL),(28,46,'T',1,NULL,NULL,'NONE',0,0,0,0,'',0,NULL,NULL,NULL),(30,44,'T',1,NULL,NULL,'NONE',0,0,0,0,'',0,NULL,NULL,NULL),(31,43,'T',1,NULL,NULL,'NONE',0,0,0,0,'',0,NULL,NULL,NULL),(33,41,'T',1,NULL,NULL,'NONE',0,0,0,0,'',0,NULL,NULL,NULL),(34,40,'T',1,NULL,NULL,'NONE',0,0,0,0,'',0,NULL,NULL,NULL),(35,39,'T',1,NULL,NULL,'NONE',0,0,0,0,'',0,NULL,NULL,NULL),(36,38,'T',1,NULL,NULL,'NONE',0,0,0,0,'',0,NULL,NULL,NULL),(37,37,'T',1,NULL,NULL,'NONE',0,0,0,0,'',0,NULL,NULL,NULL),(47,28,'T',1,NULL,NULL,'NONE',0,0,0,0,'',0,NULL,NULL,NULL),(48,27,'T',1,1000,100,'NONE',0,0,0,0,'',0,NULL,NULL,NULL),(49,26,'T',1,NULL,NULL,'NONE',0,0,0,0,'',0,NULL,NULL,NULL),(50,25,'T',1,NULL,NULL,'NONE',0,0,0,0,'',0,NULL,NULL,NULL),(52,138,'T',1,NULL,NULL,'NONE',0,0,0,0,'',0,NULL,NULL,NULL),(55,141,'OFF',1,NULL,NULL,'NONE',0,0,0,0,'',0,NULL,NULL,NULL),(56,142,'OFF',1,NULL,NULL,'NONE',0,0,0,0,'',0,NULL,NULL,NULL),(57,15,'OFF',1,NULL,NULL,'NONE',0,0,0,1,'',0,NULL,NULL,NULL),(58,14,'OFF',1,NULL,NULL,'NONE',0,0,0,1,'',0,NULL,NULL,NULL),(59,13,'OFF',1,NULL,NULL,'NONE',0,0,0,1,'',0,NULL,NULL,NULL),(60,12,'OFF',1,NULL,NULL,'NONE',0,0,0,1,'',0,NULL,NULL,NULL),(61,15,'ON',1,NULL,NULL,'NONE',0,0,0,0,'',0,NULL,NULL,NULL),(62,15,'OFF',1,NULL,NULL,'NONE',0,0,0,0,'',0,NULL,NULL,NULL),(63,14,'ON',1,NULL,NULL,'NONE',0,0,0,0,'',0,NULL,NULL,NULL),(64,14,'OFF',1,NULL,NULL,'NONE',0,0,0,0,'',0,NULL,NULL,NULL),(65,12,'ON',1,NULL,NULL,'NONE',0,0,0,0,'',0,NULL,NULL,NULL),(66,12,'OFF',1,NULL,NULL,'NONE',0,0,0,0,'',0,NULL,NULL,NULL),(67,13,'ON',1,NULL,NULL,'NONE',0,0,0,0,'',0,NULL,NULL,NULL),(68,13,'OFF',1,NULL,NULL,'NONE',0,0,0,0,'',0,NULL,NULL,NULL),(69,143,'OFF',1,NULL,NULL,'NONE',0,0,0,10,'',0,NULL,NULL,NULL),(70,144,'OFF',1,NULL,NULL,'CA',1,0,30,300,'',0,NULL,NULL,NULL),(71,27,'BD',2,1000,-1,'NONE',0,0,0,0,'',0,NULL,NULL,NULL),(72,17,'T',1,NULL,NULL,'NONE',0,0,0,0,'',0,NULL,NULL,NULL),(74,45,'ON',1,NULL,NULL,'NONE',0,0,0,0,'',0,NULL,NULL,NULL),(75,42,'OFF',1,NULL,NULL,'NONE',0,0,0,0,'',0,NULL,NULL,NULL),(76,24,'T',1,NULL,NULL,'NONE',0,0,0,0,'',0,NULL,NULL,NULL),(78,19,'OFF',2,NULL,NULL,'NONE',0,0,0,0,'',0,NULL,NULL,NULL),(79,29,'OFF',1,NULL,NULL,'NONE',0,0,0,0,'',0,NULL,NULL,NULL),(81,36,'OFF',1,NULL,NULL,'NONE',0,0,0,0,'',0,NULL,NULL,NULL),(82,23,'T',1,NULL,NULL,'NONE',0,0,0,0,'',0,NULL,NULL,NULL),(83,30,'T',1,NULL,NULL,'NONE',0,0,0,0,'',0,NULL,NULL,NULL),(84,16,'T',1,NULL,NULL,'NONE',0,0,0,0,'',0,NULL,NULL,NULL),(85,139,'ON',1,NULL,NULL,'NONE',0,0,0,0,'',0,NULL,NULL,NULL),(86,140,'OFF',1,NULL,NULL,'NONE',0,0,0,0,'',0,NULL,NULL,NULL),(90,137,'T',1,NULL,NULL,'NONE',0,0,0,0,'',0,NULL,NULL,NULL),(91,145,'ON',1,NULL,NULL,'NONE',0,0,0,0,'',0,NULL,NULL,NULL),(92,146,'OFF',1,NULL,NULL,'NONE',0,0,0,0,'',0,NULL,NULL,NULL),(93,147,'T',1,NULL,NULL,'NONE',0,0,0,0,'',0,NULL,NULL,NULL),(94,42,'T',1,1000,-1,'NONE',0,0,0,0,'',0,NULL,NULL,NULL),(95,42,'BD',2,1000,-1,'NONE',0,0,0,0,'',0,NULL,NULL,NULL),(96,45,'OFF',2,NULL,NULL,'NONE',0,0,0,0,'',0,NULL,NULL,NULL),(105,0,'OFF',1,NULL,NULL,'NONE',0,0,0,300,'',0,NULL,NULL,NULL),(106,19,'OFF',1,NULL,NULL,'NONE',0,0,0,300,'',0,NULL,NULL,NULL),(108,2,'OFF',1,NULL,NULL,'NONE',0,0,0,300,'',0,NULL,NULL,NULL),(109,3,'OFF',1,NULL,NULL,'NONE',0,0,0,300,'',0,NULL,NULL,NULL),(110,2,'T',2,NULL,NULL,'NONE',0,0,0,0,'',0,NULL,NULL,NULL),(111,3,'T',2,NULL,NULL,'NONE',0,0,0,0,'',0,NULL,NULL,NULL),(112,0,'T',2,NULL,NULL,'NONE',0,0,0,0,'',0,NULL,NULL,NULL),(123,160,'K',1,NULL,NULL,'NONE',0,0,0,NULL,NULL,0,NULL,NULL,NULL),(124,148,'T',1,NULL,NULL,'NONE',0,0,0,0,'',0,NULL,NULL,NULL),(125,150,'T',1,NULL,NULL,'NONE',0,0,0,0,'',0,NULL,NULL,NULL),(126,149,'T',1,NULL,NULL,'NONE',0,0,0,0,'',0,NULL,NULL,NULL),(127,151,'T',1,NULL,NULL,'NONE',0,0,0,0,'',0,NULL,NULL,NULL),(128,4,'K',1,NULL,NULL,'NONE',0,0,0,NULL,'',0,'PT',NULL,NULL);
/*!40000 ALTER TABLE `Core_vButtonDB_actions` ENABLE KEYS */;
UNLOCK TABLES;
/*!50003 SET @saved_cs_client      = @@character_set_client */ ;
/*!50003 SET @saved_cs_results     = @@character_set_results */ ;
/*!50003 SET @saved_col_connection = @@collation_connection */ ;
/*!50003 SET character_set_client  = utf8mb4 */ ;
/*!50003 SET character_set_results = utf8mb4 */ ;
/*!50003 SET collation_connection  = utf8mb4_general_ci */ ;
/*!50003 SET @saved_sql_mode       = @@sql_mode */ ;
/*!50003 SET sql_mode              = 'NO_AUTO_VALUE_ON_ZERO' */ ;
DELIMITER ;;
/*!50003 CREATE*/ /*!50017 DEFINER=`root`@`localhost`*/ /*!50003 TRIGGER `Delete From Conditions` AFTER DELETE ON `Core_vButtonDB_actions` FOR EACH ROW DELETE FROM Core_vButtonDB_actions_Conditions WHERE Core_vButtonDB_actions_Conditions.Core_vButtonDB_actions_id = Old.core_vButtonDB_id */;;
DELIMITER ;
/*!50003 SET sql_mode              = @saved_sql_mode */ ;
/*!50003 SET character_set_client  = @saved_cs_client */ ;
/*!50003 SET character_set_results = @saved_cs_results */ ;
/*!50003 SET collation_connection  = @saved_col_connection */ ;
/*!50003 SET @saved_cs_client      = @@character_set_client */ ;
/*!50003 SET @saved_cs_results     = @@character_set_results */ ;
/*!50003 SET @saved_col_connection = @@collation_connection */ ;
/*!50003 SET character_set_client  = utf8mb4 */ ;
/*!50003 SET character_set_results = utf8mb4 */ ;
/*!50003 SET collation_connection  = utf8mb4_general_ci */ ;
/*!50003 SET @saved_sql_mode       = @@sql_mode */ ;
/*!50003 SET sql_mode              = 'NO_AUTO_VALUE_ON_ZERO' */ ;
DELIMITER ;;
/*!50003 CREATE*/ /*!50017 DEFINER=`root`@`localhost`*/ /*!50003 TRIGGER `Delete from Core_vButtonDB_actions_Arduino` AFTER DELETE ON `Core_vButtonDB_actions` FOR EACH ROW DELETE FROM Core_vButtonDB_actions_Arduino WHERE Core_vButtonDB_actions_Arduino.Core_vButtonDB_actions_id = old.id */;;
DELIMITER ;
/*!50003 SET sql_mode              = @saved_sql_mode */ ;
/*!50003 SET character_set_client  = @saved_cs_client */ ;
/*!50003 SET character_set_results = @saved_cs_results */ ;
/*!50003 SET collation_connection  = @saved_col_connection */ ;
/*!50003 SET @saved_cs_client      = @@character_set_client */ ;
/*!50003 SET @saved_cs_results     = @@character_set_results */ ;
/*!50003 SET @saved_col_connection = @@collation_connection */ ;
/*!50003 SET character_set_client  = utf8mb4 */ ;
/*!50003 SET character_set_results = utf8mb4 */ ;
/*!50003 SET collation_connection  = utf8mb4_unicode_ci */ ;
/*!50003 SET @saved_sql_mode       = @@sql_mode */ ;
/*!50003 SET sql_mode              = 'ONLY_FULL_GROUP_BY,STRICT_TRANS_TABLES,NO_ZERO_IN_DATE,NO_ZERO_DATE,ERROR_FOR_DIVISION_BY_ZERO,NO_AUTO_CREATE_USER,NO_ENGINE_SUBSTITUTION' */ ;
DELIMITER ;;
/*!50003 CREATE*/ /*!50017 DEFINER=`root`@`localhost`*/ /*!50003 TRIGGER `Core_vButtonDB_actions_Kodi` AFTER DELETE ON `Core_vButtonDB_actions` FOR EACH ROW DELETE FROM Core_vButtonDB_actions_Kodi WHERE Core_vButtonDB_actions_Kodi.Core_vButtonDB_actions_id = old.id */;;
DELIMITER ;
/*!50003 SET sql_mode              = @saved_sql_mode */ ;
/*!50003 SET character_set_client  = @saved_cs_client */ ;
/*!50003 SET character_set_results = @saved_cs_results */ ;
/*!50003 SET collation_connection  = @saved_col_connection */ ;

--
-- Table structure for table `Core_vButtonDB_actions_Arduino`
--

DROP TABLE IF EXISTS `Core_vButtonDB_actions_Arduino`;
/*!40101 SET @saved_cs_client     = @@character_set_client */;
/*!40101 SET character_set_client = utf8 */;
CREATE TABLE `Core_vButtonDB_actions_Arduino` (
  `Core_vButtonDB_actions_id` int(5) NOT NULL,
  `Core_Arduino_Outputs_id` int(5) NOT NULL,
  `Master` tinyint(1) DEFAULT NULL,
  `Dimmer` tinyint(1) DEFAULT '0',
  PRIMARY KEY (`Core_vButtonDB_actions_id`,`Core_Arduino_Outputs_id`)
) ENGINE=InnoDB DEFAULT CHARSET=latin1;
/*!40101 SET character_set_client = @saved_cs_client */;

--
-- Dumping data for table `Core_vButtonDB_actions_Arduino`
--

LOCK TABLES `Core_vButtonDB_actions_Arduino` WRITE;
/*!40000 ALTER TABLE `Core_vButtonDB_actions_Arduino` DISABLE KEYS */;
INSERT INTO `Core_vButtonDB_actions_Arduino` VALUES (2,84,0,0),(19,83,0,0),(21,97,0,0),(22,95,0,0),(27,57,0,0),(28,58,0,0),(30,101,0,0),(31,63,0,0),(33,103,0,0),(34,62,0,0),(35,104,0,0),(36,102,0,0),(37,102,0,0),(47,60,0,0),(47,83,1,0),(47,96,0,0),(47,98,0,0),(48,60,0,1),(49,96,0,0),(50,100,0,0),(52,91,0,0),(55,61,0,0),(55,81,0,0),(55,82,0,0),(55,84,0,0),(56,60,0,0),(56,83,0,0),(56,95,0,0),(56,96,0,0),(56,97,0,0),(56,98,0,0),(56,100,0,0),(56,101,0,0),(57,88,0,0),(58,87,0,0),(59,86,0,0),(60,85,0,0),(61,72,0,0),(62,71,0,0),(63,71,0,0),(64,72,0,0),(65,69,0,0),(66,70,0,0),(67,70,0,0),(68,69,0,0),(69,57,0,0),(69,58,0,0),(70,89,0,0),(71,60,0,1),(72,90,0,0),(74,57,0,0),(74,60,0,0),(74,62,0,0),(74,63,0,0),(75,63,0,0),(76,98,0,0),(78,61,0,0),(78,81,0,0),(78,82,0,0),(78,84,0,0),(79,57,0,0),(79,58,0,0),(79,59,0,0),(79,60,0,0),(79,61,0,0),(79,62,0,0),(79,63,0,0),(79,64,0,0),(79,81,0,0),(79,82,0,0),(79,83,0,0),(79,84,0,0),(79,92,0,0),(79,95,0,0),(79,96,0,0),(79,97,0,0),(79,98,0,0),(79,100,0,0),(79,101,0,0),(79,102,0,0),(79,103,0,0),(79,104,0,0),(81,57,0,0),(81,58,0,0),(81,62,0,0),(81,63,0,0),(81,64,0,0),(81,102,0,0),(81,103,0,0),(81,104,0,0),(82,102,0,0),(83,101,0,0),(84,60,0,0),(84,96,0,0),(84,97,0,0),(84,98,0,0),(84,101,1,0),(85,99,0,0),(86,99,0,0),(90,89,0,0),(91,89,0,0),(92,89,0,0),(93,99,0,0),(94,64,0,1),(95,64,0,1),(96,57,0,0),(96,58,0,0),(96,60,0,0),(96,61,0,0),(96,62,0,0),(96,63,0,0),(96,64,0,0),(96,81,0,0),(96,82,0,0),(96,83,0,0),(96,84,0,0),(96,95,0,0),(96,96,0,0),(96,97,0,0),(96,98,0,0),(96,100,0,0),(96,101,0,0),(96,102,0,0),(96,103,0,0),(96,104,0,0),(105,81,0,0),(106,81,0,0),(108,82,0,0),(109,61,0,0),(110,82,0,0),(111,61,0,0),(112,81,0,0),(124,82,0,0),(125,61,0,0),(126,81,0,0),(127,97,0,0);
/*!40000 ALTER TABLE `Core_vButtonDB_actions_Arduino` ENABLE KEYS */;
UNLOCK TABLES;

--
-- Table structure for table `Core_vButtonDB_actions_Condition`
--

DROP TABLE IF EXISTS `Core_vButtonDB_actions_Condition`;
/*!40101 SET @saved_cs_client     = @@character_set_client */;
/*!40101 SET character_set_client = utf8 */;
CREATE TABLE `Core_vButtonDB_actions_Condition` (
  `code` varchar(5) NOT NULL,
  `omschrijving` varchar(32) NOT NULL,
  `volgorde` int(1) NOT NULL,
  `enable` varchar(255) DEFAULT NULL,
  `disable` varchar(255) DEFAULT NULL,
  `hide` varchar(255) DEFAULT NULL,
  PRIMARY KEY (`code`)
) ENGINE=InnoDB DEFAULT CHARSET=latin1;
/*!40101 SET character_set_client = @saved_cs_client */;

--
-- Dumping data for table `Core_vButtonDB_actions_Condition`
--

LOCK TABLES `Core_vButtonDB_actions_Condition` WRITE;
/*!40000 ALTER TABLE `Core_vButtonDB_actions_Condition` DISABLE KEYS */;
INSERT INTO `Core_vButtonDB_actions_Condition` VALUES ('CA','wiz_ConAND',3,'con$[]',NULL,''),('CO','wiz_ConOR',2,'con$[]',NULL,''),('NONE','wiz_ConNone',1,NULL,'con$[]|SD_Before*|SD_After*','SD_Before*|SD_After*');
/*!40000 ALTER TABLE `Core_vButtonDB_actions_Condition` ENABLE KEYS */;
UNLOCK TABLES;
/*!50003 SET @saved_cs_client      = @@character_set_client */ ;
/*!50003 SET @saved_cs_results     = @@character_set_results */ ;
/*!50003 SET @saved_col_connection = @@collation_connection */ ;
/*!50003 SET character_set_client  = utf8mb4 */ ;
/*!50003 SET character_set_results = utf8mb4 */ ;
/*!50003 SET collation_connection  = utf8mb4_general_ci */ ;
/*!50003 SET @saved_sql_mode       = @@sql_mode */ ;
/*!50003 SET sql_mode              = 'NO_AUTO_VALUE_ON_ZERO' */ ;
DELIMITER ;;
/*!50003 CREATE*/ /*!50017 DEFINER=`root`@`localhost`*/ /*!50003 TRIGGER `Delete Core_vButtonDB_actions Condition` AFTER DELETE ON `Core_vButtonDB_actions_Condition` FOR EACH ROW DELETE FROM Core_vButtonDB_actions WHERE Core_vButtonDB_actions.condition = old.code */;;
DELIMITER ;
/*!50003 SET sql_mode              = @saved_sql_mode */ ;
/*!50003 SET character_set_client  = @saved_cs_client */ ;
/*!50003 SET character_set_results = @saved_cs_results */ ;
/*!50003 SET collation_connection  = @saved_col_connection */ ;

--
-- Table structure for table `Core_vButtonDB_actions_Condition_Waypoint`
--

DROP TABLE IF EXISTS `Core_vButtonDB_actions_Condition_Waypoint`;
/*!40101 SET @saved_cs_client     = @@character_set_client */;
/*!40101 SET character_set_client = utf8 */;
CREATE TABLE `Core_vButtonDB_actions_Condition_Waypoint` (
  `Core_vButtonDB_actions` int(10) NOT NULL,
  `OwnTracks_Waypoint` int(10) NOT NULL,
  `Soort` varchar(50) DEFAULT NULL,
  UNIQUE KEY `Core_vButtonDB_actions` (`Core_vButtonDB_actions`,`OwnTracks_Waypoint`,`Soort`)
) ENGINE=InnoDB DEFAULT CHARSET=latin1;
/*!40101 SET character_set_client = @saved_cs_client */;

--
-- Dumping data for table `Core_vButtonDB_actions_Condition_Waypoint`
--

LOCK TABLES `Core_vButtonDB_actions_Condition_Waypoint` WRITE;
/*!40000 ALTER TABLE `Core_vButtonDB_actions_Condition_Waypoint` DISABLE KEYS */;
/*!40000 ALTER TABLE `Core_vButtonDB_actions_Condition_Waypoint` ENABLE KEYS */;
UNLOCK TABLES;

--
-- Table structure for table `Core_vButtonDB_actions_Conditions`
--

DROP TABLE IF EXISTS `Core_vButtonDB_actions_Conditions`;
/*!40101 SET @saved_cs_client     = @@character_set_client */;
/*!40101 SET character_set_client = utf8 */;
CREATE TABLE `Core_vButtonDB_actions_Conditions` (
  `Core_vButtonDB_actions_id` int(5) NOT NULL,
  `Core_Arduino_Outputs_id` int(5) NOT NULL,
  `ON_OFF` varchar(3) NOT NULL
) ENGINE=InnoDB DEFAULT CHARSET=latin1;
/*!40101 SET character_set_client = @saved_cs_client */;

--
-- Dumping data for table `Core_vButtonDB_actions_Conditions`
--

LOCK TABLES `Core_vButtonDB_actions_Conditions` WRITE;
/*!40000 ALTER TABLE `Core_vButtonDB_actions_Conditions` DISABLE KEYS */;
INSERT INTO `Core_vButtonDB_actions_Conditions` VALUES (98,90,'ON'),(70,89,'ON');
/*!40000 ALTER TABLE `Core_vButtonDB_actions_Conditions` ENABLE KEYS */;
UNLOCK TABLES;

--
-- Table structure for table `Core_vButtonDB_actions_FBL`
--

DROP TABLE IF EXISTS `Core_vButtonDB_actions_FBL`;
/*!40101 SET @saved_cs_client     = @@character_set_client */;
/*!40101 SET character_set_client = utf8 */;
CREATE TABLE `Core_vButtonDB_actions_FBL` (
  `Core_vButtonDB_id` int(5) NOT NULL,
  `Core_Arduino_Outputs_id` int(5) NOT NULL,
  PRIMARY KEY (`Core_vButtonDB_id`,`Core_Arduino_Outputs_id`)
) ENGINE=InnoDB DEFAULT CHARSET=latin1;
/*!40101 SET character_set_client = @saved_cs_client */;

--
-- Dumping data for table `Core_vButtonDB_actions_FBL`
--

LOCK TABLES `Core_vButtonDB_actions_FBL` WRITE;
/*!40000 ALTER TABLE `Core_vButtonDB_actions_FBL` DISABLE KEYS */;
/*!40000 ALTER TABLE `Core_vButtonDB_actions_FBL` ENABLE KEYS */;
UNLOCK TABLES;

--
-- Table structure for table `Core_vButtonDB_actions_Kodi`
--

DROP TABLE IF EXISTS `Core_vButtonDB_actions_Kodi`;
/*!40101 SET @saved_cs_client     = @@character_set_client */;
/*!40101 SET character_set_client = utf8 */;
CREATE TABLE `Core_vButtonDB_actions_Kodi` (
  `Core_vButtonDB_actions_id` int(10) NOT NULL,
  `html_Radio_id` int(10) NOT NULL,
  PRIMARY KEY (`Core_vButtonDB_actions_id`,`html_Radio_id`)
) ENGINE=InnoDB DEFAULT CHARSET=latin1;
/*!40101 SET character_set_client = @saved_cs_client */;

--
-- Dumping data for table `Core_vButtonDB_actions_Kodi`
--

LOCK TABLES `Core_vButtonDB_actions_Kodi` WRITE;
/*!40000 ALTER TABLE `Core_vButtonDB_actions_Kodi` DISABLE KEYS */;
INSERT INTO `Core_vButtonDB_actions_Kodi` VALUES (4,0),(5,0),(6,0),(123,0),(128,0);
/*!40000 ALTER TABLE `Core_vButtonDB_actions_Kodi` ENABLE KEYS */;
UNLOCK TABLES;

--
-- Table structure for table `Core_vButtonDB_actions_type`
--

DROP TABLE IF EXISTS `Core_vButtonDB_actions_type`;
/*!40101 SET @saved_cs_client     = @@character_set_client */;
/*!40101 SET character_set_client = utf8 */;
CREATE TABLE `Core_vButtonDB_actions_type` (
  `code` varchar(5) NOT NULL,
  `omschrijving` varchar(32) NOT NULL,
  `action` int(1) NOT NULL,
  `volgorde` int(11) NOT NULL,
  `enable` varchar(255) DEFAULT NULL,
  `disable` varchar(255) DEFAULT NULL,
  `show` varchar(255) DEFAULT NULL,
  `hide` varchar(255) DEFAULT NULL,
  `checkEnableDisable` varchar(255) DEFAULT NULL,
  PRIMARY KEY (`code`)
) ENGINE=InnoDB DEFAULT CHARSET=latin1;
/*!40101 SET character_set_client = @saved_cs_client */;

--
-- Dumping data for table `Core_vButtonDB_actions_type`
--

LOCK TABLES `Core_vButtonDB_actions_type` WRITE;
/*!40000 ALTER TABLE `Core_vButtonDB_actions_type` DISABLE KEYS */;
INSERT INTO `Core_vButtonDB_actions_type` VALUES ('BD','wiz_Dimmer',2,4,'','timer$[*]',NULL,'TypeActionDimmer$[*]','TypeActionDimmer$[*];DimSpeed$[*]|TypeActionDimmer$[*];LightValue$[*]'),('K','wiz_Kodi',1,5,NULL,NULL,NULL,NULL,NULL),('OFF','wiz_OFF',1,3,'timer$[*]','','TypeActionDimmer$[*]',NULL,NULL),('ON','wiz_ON',1,2,'timer$[*]','','TypeActionDimmer$[*]',NULL,NULL),('T','wiz_Toggle',1,1,NULL,'timer$[*]','TypeActionDimmer$[*]',NULL,NULL);
/*!40000 ALTER TABLE `Core_vButtonDB_actions_type` ENABLE KEYS */;
UNLOCK TABLES;
/*!50003 SET @saved_cs_client      = @@character_set_client */ ;
/*!50003 SET @saved_cs_results     = @@character_set_results */ ;
/*!50003 SET @saved_col_connection = @@collation_connection */ ;
/*!50003 SET character_set_client  = utf8mb4 */ ;
/*!50003 SET character_set_results = utf8mb4 */ ;
/*!50003 SET collation_connection  = utf8mb4_general_ci */ ;
/*!50003 SET @saved_sql_mode       = @@sql_mode */ ;
/*!50003 SET sql_mode              = 'NO_AUTO_VALUE_ON_ZERO' */ ;
DELIMITER ;;
/*!50003 CREATE*/ /*!50017 DEFINER=`root`@`localhost`*/ /*!50003 TRIGGER `DELETE Core_vButtonDB_actions Type` AFTER DELETE ON `Core_vButtonDB_actions_type` FOR EACH ROW DELETE FROM Core_vButtonDB_actions WHERE Core_vButtonDB_actions.type = old.code */;;
DELIMITER ;
/*!50003 SET sql_mode              = @saved_sql_mode */ ;
/*!50003 SET character_set_client  = @saved_cs_client */ ;
/*!50003 SET character_set_results = @saved_cs_results */ ;
/*!50003 SET collation_connection  = @saved_col_connection */ ;

--
-- Table structure for table `Device_Template`
--

DROP TABLE IF EXISTS `Device_Template`;
/*!40101 SET @saved_cs_client     = @@character_set_client */;
/*!40101 SET character_set_client = utf8 */;
CREATE TABLE `Device_Template` (
  `id` int(10) NOT NULL AUTO_INCREMENT,
  `Naam` varchar(50) NOT NULL,
  `Name` varchar(255) NOT NULL,
  `DefaultName` varchar(50) NOT NULL,
  `Input` int(5) NOT NULL DEFAULT '16',
  `Output` int(5) NOT NULL DEFAULT '16',
  PRIMARY KEY (`id`)
) ENGINE=InnoDB AUTO_INCREMENT=5 DEFAULT CHARSET=latin1;
/*!40101 SET character_set_client = @saved_cs_client */;

--
-- Dumping data for table `Device_Template`
--

LOCK TABLES `Device_Template` WRITE;
/*!40000 ALTER TABLE `Device_Template` DISABLE KEYS */;
INSERT INTO `Device_Template` VALUES (1,'iRBoard','Arduino','Arduino',16,16),(2,'iRRadio','Arduino','Radio',8,8),(3,'Kodi','Kodi','Kodi',0,0),(4,'Virtual Inputs','Arduino','VirtualArduino',16,0);
/*!40000 ALTER TABLE `Device_Template` ENABLE KEYS */;
UNLOCK TABLES;

--
-- Table structure for table `Monitor_Devices`
--

DROP TABLE IF EXISTS `Monitor_Devices`;
/*!40101 SET @saved_cs_client     = @@character_set_client */;
/*!40101 SET character_set_client = utf8 */;
CREATE TABLE `Monitor_Devices` (
  `id` int(10) NOT NULL AUTO_INCREMENT,
  `ownTracksID` varchar(50) NOT NULL,
  `IP` varchar(15) DEFAULT NULL,
  `Description` varchar(255) DEFAULT NULL,
  `ping` int(2) DEFAULT '10',
  `last_seen` varchar(255) DEFAULT NULL,
  PRIMARY KEY (`id`)
) ENGINE=InnoDB AUTO_INCREMENT=25 DEFAULT CHARSET=latin1;
/*!40101 SET character_set_client = @saved_cs_client */;

--
-- Dumping data for table `Monitor_Devices`
--

LOCK TABLES `Monitor_Devices` WRITE;
/*!40000 ALTER TABLE `Monitor_Devices` DISABLE KEYS */;
INSERT INTO `Monitor_Devices` VALUES (1,'oneplusLaurent','10.0.40.1','Gsm Laurent',10,NULL);
/*!40000 ALTER TABLE `Monitor_Devices` ENABLE KEYS */;
UNLOCK TABLES;
/*!50003 SET @saved_cs_client      = @@character_set_client */ ;
/*!50003 SET @saved_cs_results     = @@character_set_results */ ;
/*!50003 SET @saved_col_connection = @@collation_connection */ ;
/*!50003 SET character_set_client  = utf8mb4 */ ;
/*!50003 SET character_set_results = utf8mb4 */ ;
/*!50003 SET collation_connection  = utf8mb4_general_ci */ ;
/*!50003 SET @saved_sql_mode       = @@sql_mode */ ;
/*!50003 SET sql_mode              = 'NO_AUTO_VALUE_ON_ZERO' */ ;
DELIMITER ;;
/*!50003 CREATE*/ /*!50017 DEFINER=`root`@`localhost`*/ /*!50003 TRIGGER `Delete depependant` AFTER DELETE ON `Monitor_Devices` FOR EACH ROW DELETE FROM Owntracks_action WHERE Owntracks_action.Monitor_Devices_id = old.id */;;
DELIMITER ;
/*!50003 SET sql_mode              = @saved_sql_mode */ ;
/*!50003 SET character_set_client  = @saved_cs_client */ ;
/*!50003 SET character_set_results = @saved_cs_results */ ;
/*!50003 SET collation_connection  = @saved_col_connection */ ;

--
-- Table structure for table `OwnTracks_User_Status`
--

DROP TABLE IF EXISTS `OwnTracks_User_Status`;
/*!40101 SET @saved_cs_client     = @@character_set_client */;
/*!40101 SET character_set_client = utf8 */;
CREATE TABLE `OwnTracks_User_Status` (
  `id` int(10) NOT NULL AUTO_INCREMENT,
  `waypoint_ID` int(10) NOT NULL,
  `Monitor_Devices_ID` int(10) NOT NULL,
  `Status` varchar(50) NOT NULL DEFAULT 'Unknown',
  PRIMARY KEY (`id`),
  UNIQUE KEY `waypoint_ID` (`waypoint_ID`,`Monitor_Devices_ID`)
) ENGINE=InnoDB AUTO_INCREMENT=4 DEFAULT CHARSET=latin1;
/*!40101 SET character_set_client = @saved_cs_client */;

--
-- Dumping data for table `OwnTracks_User_Status`
--

LOCK TABLES `OwnTracks_User_Status` WRITE;
/*!40000 ALTER TABLE `OwnTracks_User_Status` DISABLE KEYS */;
INSERT INTO `OwnTracks_User_Status` VALUES (2,2,1,'OUT');
/*!40000 ALTER TABLE `OwnTracks_User_Status` ENABLE KEYS */;
UNLOCK TABLES;

--
-- Table structure for table `OwnTracks_Waypoint`
--

DROP TABLE IF EXISTS `OwnTracks_Waypoint`;
/*!40101 SET @saved_cs_client     = @@character_set_client */;
/*!40101 SET character_set_client = utf8 */;
CREATE TABLE `OwnTracks_Waypoint` (
  `id` int(11) NOT NULL AUTO_INCREMENT,
  `Naam` varchar(50) NOT NULL,
  `Description` varchar(255) NOT NULL,
  PRIMARY KEY (`id`)
) ENGINE=InnoDB AUTO_INCREMENT=4 DEFAULT CHARSET=latin1;
/*!40101 SET character_set_client = @saved_cs_client */;

--
-- Dumping data for table `OwnTracks_Waypoint`
--

LOCK TABLES `OwnTracks_Waypoint` WRITE;
/*!40000 ALTER TABLE `OwnTracks_Waypoint` DISABLE KEYS */;
INSERT INTO `OwnTracks_Waypoint` VALUES (2,'Thuis','Thuis');
/*!40000 ALTER TABLE `OwnTracks_Waypoint` ENABLE KEYS */;
UNLOCK TABLES;
/*!50003 SET @saved_cs_client      = @@character_set_client */ ;
/*!50003 SET @saved_cs_results     = @@character_set_results */ ;
/*!50003 SET @saved_col_connection = @@collation_connection */ ;
/*!50003 SET character_set_client  = utf8mb4 */ ;
/*!50003 SET character_set_results = utf8mb4 */ ;
/*!50003 SET collation_connection  = utf8mb4_general_ci */ ;
/*!50003 SET @saved_sql_mode       = @@sql_mode */ ;
/*!50003 SET sql_mode              = 'NO_AUTO_VALUE_ON_ZERO' */ ;
DELIMITER ;;
/*!50003 CREATE*/ /*!50017 DEFINER=`root`@`localhost`*/ /*!50003 TRIGGER `Delete From Event` AFTER DELETE ON `OwnTracks_Waypoint` FOR EACH ROW DELETE from OwnTracks_User_Status where OwnTracks_User_Status.waypoint_ID = old.id */;;
DELIMITER ;
/*!50003 SET sql_mode              = @saved_sql_mode */ ;
/*!50003 SET character_set_client  = @saved_cs_client */ ;
/*!50003 SET character_set_results = @saved_cs_results */ ;
/*!50003 SET collation_connection  = @saved_col_connection */ ;
/*!50003 SET @saved_cs_client      = @@character_set_client */ ;
/*!50003 SET @saved_cs_results     = @@character_set_results */ ;
/*!50003 SET @saved_col_connection = @@collation_connection */ ;
/*!50003 SET character_set_client  = utf8mb4 */ ;
/*!50003 SET character_set_results = utf8mb4 */ ;
/*!50003 SET collation_connection  = utf8mb4_general_ci */ ;
/*!50003 SET @saved_sql_mode       = @@sql_mode */ ;
/*!50003 SET sql_mode              = 'NO_AUTO_VALUE_ON_ZERO' */ ;
DELIMITER ;;
/*!50003 CREATE*/ /*!50017 DEFINER=`root`@`localhost`*/ /*!50003 TRIGGER `Delete from Action` AFTER DELETE ON `OwnTracks_Waypoint` FOR EACH ROW DELETE FROM Owntracks_action WHERE Owntracks_action.OwnTracks_Waypoint = old.id */;;
DELIMITER ;
/*!50003 SET sql_mode              = @saved_sql_mode */ ;
/*!50003 SET character_set_client  = @saved_cs_client */ ;
/*!50003 SET character_set_results = @saved_cs_results */ ;
/*!50003 SET collation_connection  = @saved_col_connection */ ;

--
-- Table structure for table `OwnTracks_event`
--

DROP TABLE IF EXISTS `OwnTracks_event`;
/*!40101 SET @saved_cs_client     = @@character_set_client */;
/*!40101 SET character_set_client = utf8 */;
CREATE TABLE `OwnTracks_event` (
  `Naam` varchar(50) NOT NULL,
  `Omschrijving` varchar(50) NOT NULL,
  PRIMARY KEY (`Naam`)
) ENGINE=InnoDB DEFAULT CHARSET=latin1;
/*!40101 SET character_set_client = @saved_cs_client */;

--
-- Dumping data for table `OwnTracks_event`
--

LOCK TABLES `OwnTracks_event` WRITE;
/*!40000 ALTER TABLE `OwnTracks_event` DISABLE KEYS */;
INSERT INTO `OwnTracks_event` VALUES ('enter','owntrack_event_enter'),('leave','owntrack_event_leave');
/*!40000 ALTER TABLE `OwnTracks_event` ENABLE KEYS */;
UNLOCK TABLES;

--
-- Table structure for table `Owntracks_action`
--

DROP TABLE IF EXISTS `Owntracks_action`;
/*!40101 SET @saved_cs_client     = @@character_set_client */;
/*!40101 SET character_set_client = utf8 */;
CREATE TABLE `Owntracks_action` (
  `id` int(10) NOT NULL AUTO_INCREMENT,
  `Monitor_Devices_id` int(10) NOT NULL,
  `OwnTracks_Waypoint` int(10) NOT NULL,
  `Core_vButtonDB` int(10) NOT NULL,
  `OwnTracks_event` varchar(50) NOT NULL,
  PRIMARY KEY (`id`)
) ENGINE=InnoDB AUTO_INCREMENT=4 DEFAULT CHARSET=latin1;
/*!40101 SET character_set_client = @saved_cs_client */;

--
-- Dumping data for table `Owntracks_action`
--

LOCK TABLES `Owntracks_action` WRITE;
/*!40000 ALTER TABLE `Owntracks_action` DISABLE KEYS */;
INSERT INTO `Owntracks_action` VALUES (1,1,2,144,'enter');
/*!40000 ALTER TABLE `Owntracks_action` ENABLE KEYS */;
UNLOCK TABLES;

--
-- Table structure for table `Settings`
--

DROP TABLE IF EXISTS `Settings`;
/*!40101 SET @saved_cs_client     = @@character_set_client */;
/*!40101 SET character_set_client = utf8 */;
CREATE TABLE `Settings` (
  `id` int(11) NOT NULL AUTO_INCREMENT,
  `Setting` varchar(32) NOT NULL,
  `value` varchar(255) NOT NULL,
  `example` varchar(255) DEFAULT NULL,
  PRIMARY KEY (`id`)
) ENGINE=InnoDB AUTO_INCREMENT=21 DEFAULT CHARSET=latin1;
/*!40101 SET character_set_client = @saved_cs_client */;

--
-- Dumping data for table `Settings`
--

LOCK TABLES `Settings` WRITE;
/*!40000 ALTER TABLE `Settings` DISABLE KEYS */;
INSERT INTO `Settings` VALUES (1,'supervisor','http://10.0.40.1:9001',NULL),(2,'loglevel','debug','info | debug'),(3,'MQTT_ip_address','10.0.40.1',NULL),(4,'MQTT_port','10001','10001'),(5,'MQTT_port_python','1883','1883'),(6,'Notification Method','notification','notification | alert'),(7,'NotificationSnooze','30','60'),(8,'TimeBetweenNotification','30',NULL),(9,'BotID','211680352',NULL),(10,'TokenBOT','214505294:AAErlxY_vYvThW9lA0wVnEkyWyyTa1ZAZ1U',NULL),(11,'Update_Server','http://laurentm.allowed.org:81/WebServiceSOAP/server.php','http://laurentmichel.duckdns.org:81/WebServiceSOAP/server.php'),(12,'websiteLocation','/var/www/html/','/var/www/html/'),(13,'PlayListURL','http://10.0.40.1/radio/playlist',NULL),(14,'MonitorTimeout','15','15'),(15,'MQTT_GATE_ip_address','10.0.50.4',NULL),(16,'MQTT_GATE_port','1883',NULL),(17,'MQTT_Gate_Username','iRulez','iRulez'),(18,'MQTT_Gate_Password','iRulez4ever',''),(19,'Location','Brussels','Brussels'),(20,'Language','NL','NL|ENG');
/*!40000 ALTER TABLE `Settings` ENABLE KEYS */;
UNLOCK TABLES;

--
-- Table structure for table `Timer_Actions`
--

DROP TABLE IF EXISTS `Timer_Actions`;
/*!40101 SET @saved_cs_client     = @@character_set_client */;
/*!40101 SET character_set_client = utf8 */;
CREATE TABLE `Timer_Actions` (
  `id` int(5) NOT NULL AUTO_INCREMENT,
  `Naam` varchar(32) NOT NULL,
  `Time` varchar(12) NOT NULL,
  `Time2` varchar(12) NOT NULL DEFAULT '00:00',
  `Random` tinyint(1) NOT NULL DEFAULT '0',
  `Timer_Day` varchar(32) DEFAULT NULL,
  `Core_vButton_id` int(5) NOT NULL,
  `enabled` tinyint(1) NOT NULL DEFAULT '0',
  PRIMARY KEY (`id`)
) ENGINE=InnoDB AUTO_INCREMENT=22 DEFAULT CHARSET=latin1;
/*!40101 SET character_set_client = @saved_cs_client */;

--
-- Dumping data for table `Timer_Actions`
--

LOCK TABLES `Timer_Actions` WRITE;
/*!40000 ALTER TABLE `Timer_Actions` DISABLE KEYS */;
INSERT INTO `Timer_Actions` VALUES (3,'Rolluik 1 OP','sunrise','00:00',0,'1|2|3|4|5|6|7',15,1),(4,'Rolluik 2 OP','sunrise','00:00',0,'1|2|3|4|5|6|7',13,1),(6,'Rolluik 1 AF','sunset+30','00:00',0,'1|2|3|4|5|6|7',14,1),(7,'Rolluik 2 AF','sunset+30','00:00',0,'1|2|3|4|5|6|7',12,1),(8,'Trap AAN','20:00','00:00',0,'1|2|3|4|5|6|7',139,1),(9,'Trap UIT','00:00','00:00',0,'1|2|3|4|5|6|7',140,1),(10,'Buiten AAN - Avond','sunset+60','00:00',0,'1|2|3|4|5|6|7',145,1),(11,'Buiten UIT - Avond','00:00','00:00',0,'1|2|3|4|5|6|7',146,1),(12,'Buiten AAN - Ochtend','sunrise-120','00:00',0,'1|2|3|4|5|6|7',145,1),(13,'Buiten UIt - Ochtend','sunrise','00:00',0,'1|2|3|4|5|6|7',146,1),(20,'TMP - Disney','sunset+30','00:00',0,'6',148,1),(21,'TMP - Disney','23:00','00:00',0,'6',29,1);
/*!40000 ALTER TABLE `Timer_Actions` ENABLE KEYS */;
UNLOCK TABLES;

--
-- Table structure for table `Timer_Day`
--

DROP TABLE IF EXISTS `Timer_Day`;
/*!40101 SET @saved_cs_client     = @@character_set_client */;
/*!40101 SET character_set_client = utf8 */;
CREATE TABLE `Timer_Day` (
  `id` int(5) NOT NULL AUTO_INCREMENT,
  `Name` varchar(32) NOT NULL,
  PRIMARY KEY (`id`)
) ENGINE=InnoDB AUTO_INCREMENT=8 DEFAULT CHARSET=latin1;
/*!40101 SET character_set_client = @saved_cs_client */;

--
-- Dumping data for table `Timer_Day`
--

LOCK TABLES `Timer_Day` WRITE;
/*!40000 ALTER TABLE `Timer_Day` DISABLE KEYS */;
INSERT INTO `Timer_Day` VALUES (1,'Timer_DAY1'),(2,'Timer_DAY2'),(3,'Timer_DAY3'),(4,'Timer_DAY4'),(5,'Timer_DAY5'),(6,'Timer_DAY6'),(7,'Timer_DAY7');
/*!40000 ALTER TABLE `Timer_Day` ENABLE KEYS */;
UNLOCK TABLES;

--
-- Table structure for table `html_Language`
--

DROP TABLE IF EXISTS `html_Language`;
/*!40101 SET @saved_cs_client     = @@character_set_client */;
/*!40101 SET character_set_client = utf8 */;
CREATE TABLE `html_Language` (
  `TAG` varchar(50) NOT NULL,
  `NL` varchar(255) NOT NULL,
  `ENG` varchar(255) NOT NULL,
  PRIMARY KEY (`TAG`)
) ENGINE=InnoDB DEFAULT CHARSET=latin1;
/*!40101 SET character_set_client = @saved_cs_client */;

--
-- Dumping data for table `html_Language`
--

LOCK TABLES `html_Language` WRITE;
/*!40000 ALTER TABLE `html_Language` DISABLE KEYS */;
INSERT INTO `html_Language` VALUES ('ADD_Form_Apply','Toepassen','Apply'),('ADD_Form_Cancel','Annuleren','Cancel'),('ADD_Form_Description','Omschrijving','Description'),('ADD_Form_Event','Gebeurtenis','Event'),('ADD_Form_Favoriet','Favoriet','Favorite'),('ADD_Form_Floor','Verdiep','Floor'),('ADD_Form_Glyphicon','Symbool','Glyphicon'),('ADD_Form_IP','IP','IP'),('ADD_Form_MAC','MAC adres','MAC Address'),('ADD_Form_Name','Naam','Name'),('ADD_Form_OwntrackID','Owntrack ID','Owntrack ID'),('ADD_Form_Space','Plaats','Room'),('ADD_Form_Type','Soort','Type'),('ADD_Form_URL','URL','URL'),('ADD_Form_vButton','vButton','vButton'),('ADD_Form_Waypoint','Waypoint','Waypoint'),('BTN_Add','Toevoegen','Add'),('BTN_cancel','Annuleren','Cancel'),('BTN_update','Aanpassen','Update'),('Core_vButtonDB_Mode0','Na loslaten','After Release'),('Core_vButtonDB_Mode2','Direct','Immediately'),('Core_vButtonDB_Mode3','2 acties','2 actions'),('devices_grid1','MAC adres','MAC  address'),('devices_grid2','Naam','Name'),('devices_grid3','Template','Template'),('devices_grid4','Versie','Version'),('devices_grid5','IP adres','IP  address'),('devices_grid6','Model','Type'),('devices_grid7','Ping','Ping'),('devices_grid8','MQTT','MQTT'),('devices_grid9','Actie','Action'),('Device_add','Device toegevoegd','Device added'),('Device_delete','Ben je zeker dat je Device met id $ wil verwijderen?','Are you sure you want to delete Device with ID $'),('edit','Aanpassen','Edit'),('Error_favoriet','Favoriet niet geslecteerd','Favorite not selected'),('Error_Glyphicon','Geen glyphicon geslecteerd','No glyphicon selected'),('Error_Mac','Geen MAC adres ingevuld','MAC address has not been filled in'),('Error_Mac_uniek','MAC is niet uniek','MAC is not unique'),('Error_Naam','Geen naam ingevuld','Name has not been filled in'),('Error_Naam_uniek','Naam is niet uniek','Name is not unique'),('Error_Owntrack','Geen owntrack Id ingevuld','No Owntrack Id filled in'),('Error_Owntrack_event','Gebeurtenis niet geselecteerd','Event not selected'),('Error_Owntrack_Naam','Owntrack userid niet geselecteerd','Owntrack userid not selected'),('Error_Space','Geen ruimte geslecteerd','No room selected'),('Error_Type','Geen type geslecteerd','No type selected'),('Error_URL','URL niet ingevuld','URL not filled in'),('Error_vButton','Geen vButton geslecteerd','No vButton selected'),('Error_Waypoint','Waypoint niet geselecteerd','Waypoint not selected'),('FBL_Mode_1','Condition Feedback Light','Condition Feedback Light'),('FBL_Mode_2','Feedback Light','Feedback Light'),('FBL_Mode_3','Geen','None'),('FBL_Mode_4','Reverse Condition Feedback Light','Reverse Condition Feedback Light'),('FBL_Mode_5','Reverse Feedback Light','Reverse Feedback Light'),('lable_filter','Filter :type uw tekst hier\"','Filter :type your text here\"'),('Monitor_add','Mobiel toestel toegevoegd','Mobile device added'),('Monitor_delete','Ben je zeker dat je Mobiel toestel met id $ wil verwijderen?','Are you sure you want to delete Mobile device with ID $'),('no','Nee','No'),('outputs_grid1','Naam','Name'),('outputs_grid10','Notificatie','Notification'),('outputs_grid2','Omschrijving','Description'),('outputs_grid3','Circuit','???'),('outputs_grid4','Differential','???'),('outputs_grid5','Arduino','Arduino'),('outputs_grid6','Pin','Pin'),('outputs_grid7','Status','Status'),('outputs_grid8','Monitor','Monitor'),('outputs_grid9','Telegram','Telegram'),('owntracks_group_grid1','OwnTracks ID','OwnTracks ID'),('owntracks_group_grid2','Waypoint','Waypoint'),('owntracks_group_grid3','status','status'),('owntracks_group_grid4','Actie','Action'),('owntracks_wp_grid1','Waypoint Naam','Waypoint Name'),('owntracks_wp_grid2','Omschrijving','Description'),('owntracks_wp_grid3','Actie','Action'),('Owntrack_Action_add','Owntrack actie toegevoegd','Owntrack action added'),('Owntrack_Action_del','Ben je zeker dat je Owntrack actie met id $ wil verwijderen?','Are you sure you want to delete Owntrack action with ID $'),('owntrack_action_grid1','Owntrack ID','Owntrack ID'),('owntrack_action_grid2','Waypoint','Waypoint'),('owntrack_action_grid3','vButton','vButton'),('owntrack_action_grid4','Gebeurtenis','Event'),('owntrack_action_grid5','Actie','Action'),('owntrack_event_enter','Aankomst','Enter'),('owntrack_event_leave','Verlaten','Leave'),('Owntrack_groups_add','User aan owntrack groep toegevoegd','User added to Owntrack Group'),('Owntrack_groups_del','Ben je zeker dat je de users van de owntrack groep met id $ wil verwijderen?','Are you sure you want to delete the user from the Waypoint group with ID $'),('owntrack_mon_grid1','Owntracks ID','Owntracks ID'),('owntrack_mon_grid2','Omschrijving','Description'),('owntrack_mon_grid3','IP','IP'),('owntrack_mon_grid4','Ping','Ping'),('owntrack_mon_grid5','Laatst gezien','Last Seen'),('owntrack_mon_grid6','Actie','Action'),('Owntrack_WP_add','Waypoint toegevoegd','Waypoint added'),('Owntrack_WP_delete','Ben je zeker dat je Waypoint met id $ wil verwijderen?','Are you sure you want to delete Waypoint with ID $'),('PlayList_add','Afspeellijst toegevoegd','Playlist added'),('playlist_create1','Beheer afspeellijst','Manage PlayList'),('playlist_create2','Afspeellijst','Playlist'),('playlist_create3','Toepassen','Apply'),('PlayList_delete','Ben je zeker dat je afspeellijst met id $ wil verwijderen?','Are you sure you want to delete playlist with ID $'),('playlist_grid1','Naam','Name'),('playlist_grid2','Aanpassen','Edit'),('playlist_grid3','Actie','Action'),('PlayList_setting','Configureer afspeellijst','Configure playlist'),('Radio_add','Radio Zender toegevoegd','Radio channel added'),('radio_channel_grid1','Naam','Name'),('radio_channel_grid2','URL','URL'),('radio_channel_grid3','Soort','Type'),('radio_channel_grid4','Actie','Action'),('Radio_delete','Ben je zeker dat je radio zender met id $ wil verwijderen?','Are you sure you want to delete radio channel with ID $'),('radio_grid1','Naam','Name'),('radio_grid2','Omschrijving','Description'),('radio_grid3','Ruimte','Space'),('radio_grid4','Favoriet','Favorite'),('setting_grid1','Instelling','Setting'),('setting_grid2','Waarde','Value'),('setting_grid3','Voorbeelde waarde','Example value'),('spaces_add','Ruimte toegevoegd','Space added'),('spaces_delete','Ben je zeker dat je ruimte met id $ wil verwijderen?','Are you sure you want to delete space  with ID $'),('space_grid1','Ruimte','Space'),('space_grid2','Verdiep','Floor'),('space_grid3','verborgen','Hidden'),('space_grid4','Actie','Action'),('Statistics_1','Dag overzicht','Day overview'),('Statistics_2','Week overzicht','Week overview'),('Statistics_3','Maand overzicht','Month overview'),('Statistics_4','Jaar  overzicht','Year overview'),('Statistics_generate','Genereer','Generate'),('Statistics_Title','Statistieken TOP 15','Statistics TOP 15'),('Timer_DAY1','Maandag','Monday'),('Timer_DAY2','Dinsdag','Tuesday'),('Timer_DAY3','Woensdag','Wednesday'),('Timer_DAY4','Donderdag','Thursday'),('Timer_DAY5','Vrijdag','Friday'),('Timer_DAY6','Zaterdag','Saturday'),('Timer_DAY7','Zondag','Sunday'),('timer_grid1','Naam','Name'),('timer_grid2','Actief','Enabled'),('timer_grid3','vButton','vButton'),('timer_grid4','Dag','Day'),('timer_grid5','Tijdstip','Time'),('timer_grid6','Willekeurig','Random'),('timer_grid7','Tweede tijdstip','Second time'),('timer_grid8','Verwijderen','Delete'),('timer_New','Nieuw','New'),('timer_Reset','Reset','Reset'),('timer_Save','Opslaan','Save'),('timer_select','Selecteer alles','select all'),('timer_Sunrise','Zonsopgang','Sunrise'),('timer_Sunset','Zonsondergang','Sunset'),('timer_unselect','Verwijder selectie','unselect all'),('Title_device_action','Beheer uw devices','Manage you Devices'),('Title_Levels_Form','Beheer uw verdiepen','Manage your floors'),('Title_Mobile_Devices','Beheer uw Mobiele toestellen','Manage your Mobile Devices'),('Title_Outputs_Form','Beheer uw relais','Manage your relais'),('Title_OwntrackAction','Beheer uw Owntrack Acties','Manage you Owntrack Actions'),('Title_OwntrackGroup','Beheer uw Owntrack groepen en gebruikers','Manager your owntrack groups and users'),('Title_Owntrack_wp','Beheer uw Owntrack Waypoints','Mangage your Owntrack Waypoints'),('Title_Playlist_Form','Beheer uw afspeellijsten','Manage your playlists'),('Title_Radio','Beheer uw Radio\'s','Manage your radios'),('Title_RadioZender','Beheer uw radio zenders','Manage your radio channel'),('Title_Setting_Form','Beheer uw instellingen','Manage your settings'),('Title_Spaces_Form','Beheer uw ruimtes','Manage your spaces'),('Title_vButton_action','Beheer uw vButtons','Manage your Vbuttons'),('Title_vButton_Form','Beheer uw vButtons','Manage your Vbuttons'),('vBtns_action_wizard','Instellen','Wizard'),('vButtons_add','vButton toegevoegd','vButton added'),('vButtons_delete','Ben je zeker dat je vButton met id $ wil verwijderen?','Are you sure you want to delete vButton with ID $'),('vButton_grid1','Naam','Name'),('vButton_grid2','Plaats','Space'),('vButton_grid3','Soort','Type'),('vButton_grid4','Symbool','Glyphicon'),('vButton_grid5','favoriet','favorite'),('vButton_grid6','vButton','vButton'),('vButton_grid7','Volgorde','Order'),('vButton_grid8','Actie','action'),('vButton_soort1','Verlichting','Lights'),('vButton_soort2','Stopcontact','Outlet'),('vButton_soort3','Sfeer','Mood'),('vButton_soort4','Radio','Radio'),('vButton_soort5','Rolluik','Blinds'),('verdiepen_add','Verdiep toegevoegd','Floor added'),('verdiepen_delete','Ben je zeker dat je verdiep met id $ wil verwijderen?','Are you sure you want to delete floor with ID $'),('verdiep_grid1','Naam','Name'),('verdiep_grid2','Actie','Action'),('wizard_btn_delay','Vertraging','Delay'),('wizard_btn_fbl','Terugkoppel led','Feedback Light'),('wizard_btn_mode','Schakelaar modus','Button Mode'),('wizard_btn_motion','Bewegingsmelder','Motion detection'),('wizard_tool_1','Selecteer hier wanneer de onderstaande actie uitgevoerd moet worden.','Select here when you want to excecute the action defined below.'),('wizard_tool_10','Vink deze box aan indien de bovenstaande vertraging van toepassing is op deze actie','Check this box when the delay defined above need to be used on this action'),('wizard_tool_2','Is op deze schakelaar een bewegingsmelder aangesloten?','Is this button used for motion detection?'),('wizard_tool_3','Feedback light','Feedback light'),('wizard_tool_4','Na hoeveel seconden moet de actie uitgevoerd worden?','How many seconds after button push do you want to execute the actions?'),('wizard_tool_5','Het aantal seconde dat de dimmer nodig heeft om van 0% naar 100% te gaan. Deze waarde moet tussen 1 en 500 liggen','This indicates the total number of seconds for the dimmer to go from 0% to 100%. This value must be between 1 and 500.'),('wizard_tool_6','Deze waarde moet tussen -1 en 100% liggen. Bij -1 gaat de dimmer de laatst gekende waarde gebruiken. Bij een andere waarde gaat de dimmer altijd naar deze waarde dimmen. ','This vulue must be between -1 and 100%. -1 indicates the last known value of the dimmer. When choosing a value between 0% and 100%, the dimmer will change the dimmer to this value.'),('wizard_tool_7','Selecteer hier de voorwaarden waaraan voldaan moet zijn vooralleer de actie uitgevoerd mag worden. Met de OF voorwaarden moeten minstens 1 voorwaarde voldoen. Met de EN voorwaarden moeten alle voorwaarde voldoen','Select here the condition which needs to be in place before executing the action. When selecting OR, only one condition need to be fulfilled. For the AND, all conditions need to be fulfilled'),('wizard_tool_8','Timer','Timer'),('wizard_tool_9','Als u hier een email invult wordt er een mail uitgestuurd indien deze actie uitgevoerd wordt. Meerdere email adressen kunnen d.m.v een | achter elkaar ingevuld worden.','When you write a email in the field, an email will be sent when this action is executed. Multiple emails can be written using the | symbol.'),('wiz_action','Actie','Action'),('wiz_ConAND','EN voorwaarde','Condition AND'),('wiz_Cond_setting','Conditie','Condition'),('wiz_ConNone','Geen conditie','None'),('wiz_ConOR','Of voorwaarde','Condition OR'),('wiz_current','Huidige','Current'),('wiz_delay_setting','Uitstellen','Delay'),('wiz_delete','Verwijderen','Delete'),('wiz_Dimmer','Dimmer','Dimmer'),('wiz_Dim_LL_setting','Licht waarde','Light Level'),('wiz_Dim_setting','Dimmer Instellingen','Dimmer Settings'),('wiz_Dim_SP_setting','Dim snelheid','Dim speed'),('wiz_email_setting','Email','Email'),('wiz_first','Eerste actie','Fist Action'),('wiz_IN','In','In'),('wiz_Kodi','Kodi','Kodi'),('wiz_master','Master','Master'),('wiz_OFF','Uit','Off'),('wiz_ON','Aan','On'),('wiz_OUT','uit','Out'),('wiz_relais','Configureer uitgangen','Configure outputs'),('wiz_rel_naam','Relais naam','relais name'),('wiz_sda_adj','Aantal minuten na zonsondergang','Add minutues after sundown'),('wiz_sdb_adj','Aantal minuten voor zonsondergang','Add minutues before sundown'),('wiz_second','Tweede actie','Second Action'),('wiz_SunDown','Zon onder','Sun Down'),('wiz_time_setting','Timer','Timer'),('wiz_Toggle','Toggel','Toggle'),('wiz_unselect','Verwijder selectie','unselect all'),('wiz_vol','Volume','Volume'),('yes','Ja','Yes');
/*!40000 ALTER TABLE `html_Language` ENABLE KEYS */;
UNLOCK TABLES;

--
-- Table structure for table `html_Radio`
--

DROP TABLE IF EXISTS `html_Radio`;
/*!40101 SET @saved_cs_client     = @@character_set_client */;
/*!40101 SET character_set_client = utf8 */;
CREATE TABLE `html_Radio` (
  `id` int(10) NOT NULL,
  `naam` varchar(32) NOT NULL,
  `omschrijving` text,
  `space_id` int(5) DEFAULT NULL,
  `favoriet` int(1) NOT NULL DEFAULT '0',
  `Core_Devices_id` int(10) NOT NULL,
  PRIMARY KEY (`id`)
) ENGINE=InnoDB DEFAULT CHARSET=latin1;
/*!40101 SET character_set_client = @saved_cs_client */;

--
-- Dumping data for table `html_Radio`
--

LOCK TABLES `html_Radio` WRITE;
/*!40000 ALTER TABLE `html_Radio` DISABLE KEYS */;
INSERT INTO `html_Radio` VALUES (0,'Kodi0',NULL,NULL,0,4),(1,'Kodi1',NULL,NULL,0,6);
/*!40000 ALTER TABLE `html_Radio` ENABLE KEYS */;
UNLOCK TABLES;

--
-- Table structure for table `html_Radio_playlist_Zender`
--

DROP TABLE IF EXISTS `html_Radio_playlist_Zender`;
/*!40101 SET @saved_cs_client     = @@character_set_client */;
/*!40101 SET character_set_client = utf8 */;
CREATE TABLE `html_Radio_playlist_Zender` (
  `id` int(10) NOT NULL AUTO_INCREMENT,
  `Naam` varchar(255) NOT NULL,
  `url` varchar(255) NOT NULL,
  `html_Radio_playlist` int(10) NOT NULL,
  PRIMARY KEY (`id`)
) ENGINE=InnoDB AUTO_INCREMENT=52 DEFAULT CHARSET=latin1;
/*!40101 SET character_set_client = @saved_cs_client */;

--
-- Dumping data for table `html_Radio_playlist_Zender`
--

LOCK TABLES `html_Radio_playlist_Zender` WRITE;
/*!40000 ALTER TABLE `html_Radio_playlist_Zender` DISABLE KEYS */;
INSERT INTO `html_Radio_playlist_Zender` VALUES (51,'Stan Van Samang - goeiemorgend, goeiendag','https://www.youtube.com/watch?v=miu73xAKoIo',11);
/*!40000 ALTER TABLE `html_Radio_playlist_Zender` ENABLE KEYS */;
UNLOCK TABLES;

--
-- Table structure for table `html_Radio_zender_Soort`
--

DROP TABLE IF EXISTS `html_Radio_zender_Soort`;
/*!40101 SET @saved_cs_client     = @@character_set_client */;
/*!40101 SET character_set_client = utf8 */;
CREATE TABLE `html_Radio_zender_Soort` (
  `Glyphicon` varchar(30) NOT NULL,
  `Naam` varchar(25) NOT NULL,
  PRIMARY KEY (`Glyphicon`)
) ENGINE=InnoDB DEFAULT CHARSET=latin1;
/*!40101 SET character_set_client = @saved_cs_client */;

--
-- Dumping data for table `html_Radio_zender_Soort`
--

LOCK TABLES `html_Radio_zender_Soort` WRITE;
/*!40000 ALTER TABLE `html_Radio_zender_Soort` DISABLE KEYS */;
INSERT INTO `html_Radio_zender_Soort` VALUES ('fa-list-ul','Playlist'),('fa-music ','Radio'),('fa-youtube','Youtube');
/*!40000 ALTER TABLE `html_Radio_zender_Soort` ENABLE KEYS */;
UNLOCK TABLES;

--
-- Table structure for table `html_Radio_zenders`
--

DROP TABLE IF EXISTS `html_Radio_zenders`;
/*!40101 SET @saved_cs_client     = @@character_set_client */;
/*!40101 SET character_set_client = utf8 */;
CREATE TABLE `html_Radio_zenders` (
  `id` int(11) NOT NULL AUTO_INCREMENT,
  `naam` varchar(50) NOT NULL,
  `url` varchar(100) NOT NULL,
  `soort` varchar(25) NOT NULL,
  `ShortName` varchar(5) DEFAULT NULL,
  PRIMARY KEY (`id`)
) ENGINE=InnoDB AUTO_INCREMENT=18 DEFAULT CHARSET=latin1;
/*!40101 SET character_set_client = @saved_cs_client */;

--
-- Dumping data for table `html_Radio_zenders`
--

LOCK TABLES `html_Radio_zenders` WRITE;
/*!40000 ALTER TABLE `html_Radio_zenders` DISABLE KEYS */;
INSERT INTO `html_Radio_zenders` VALUES (1,'Qmusic','http://icecast-qmusic.cdp.triple-it.nl/Qmusic_be_live_96.mp3','fa-music ','Q'),(2,'MNM','http://mp3.streampower.be/mnm_hits-high.mp3','fa-music ','MNM'),(3,'Radio1','http://mp3.streampower.be/radio1_classics-high.mp3','fa-music ','R1'),(4,'Radio2','http://mp3.streampower.be/ra2vlb-high.mp3','fa-music ','R2'),(5,'Studio Brussel','http://mp3.streampower.be/stubru-high.mp3','fa-music ','STUBR'),(6,'Sporza','http://mp3.streampower.be/sporza-high','fa-music ','SPORZ'),(7,'Stan Van Samang - goeiemorgend, goeiendag','https://www.youtube.com/watch?v=miu73xAKoIo','fa-youtube','YT1'),(11,'Rustige Muziek','http://10.50.250.10/radio/playlist/RustigeMuziek.m3u','fa-list-ul','PL1');
/*!40000 ALTER TABLE `html_Radio_zenders` ENABLE KEYS */;
UNLOCK TABLES;
/*!50003 SET @saved_cs_client      = @@character_set_client */ ;
/*!50003 SET @saved_cs_results     = @@character_set_results */ ;
/*!50003 SET @saved_col_connection = @@collation_connection */ ;
/*!50003 SET character_set_client  = utf8mb4 */ ;
/*!50003 SET character_set_results = utf8mb4 */ ;
/*!50003 SET collation_connection  = utf8mb4_general_ci */ ;
/*!50003 SET @saved_sql_mode       = @@sql_mode */ ;
/*!50003 SET sql_mode              = 'NO_AUTO_VALUE_ON_ZERO' */ ;
DELIMITER ;;
/*!50003 CREATE*/ /*!50017 DEFINER=`root`@`localhost`*/ /*!50003 TRIGGER `Delete from Playlist` AFTER DELETE ON `html_Radio_zenders` FOR EACH ROW DELETE from html_Radio_playlist_Zender WHERE html_Radio_playlist_Zender.html_Radio_playlist = old.id */;;
DELIMITER ;
/*!50003 SET sql_mode              = @saved_sql_mode */ ;
/*!50003 SET character_set_client  = @saved_cs_client */ ;
/*!50003 SET character_set_results = @saved_cs_results */ ;
/*!50003 SET collation_connection  = @saved_col_connection */ ;

--
-- Table structure for table `html_glyphicon`
--

DROP TABLE IF EXISTS `html_glyphicon`;
/*!40101 SET @saved_cs_client     = @@character_set_client */;
/*!40101 SET character_set_client = utf8 */;
CREATE TABLE `html_glyphicon` (
  `code` varchar(32) NOT NULL,
  `naam` varchar(32) NOT NULL,
  PRIMARY KEY (`code`)
) ENGINE=InnoDB DEFAULT CHARSET=latin1;
/*!40101 SET character_set_client = @saved_cs_client */;

--
-- Dumping data for table `html_glyphicon`
--

LOCK TABLES `html_glyphicon` WRITE;
/*!40000 ALTER TABLE `html_glyphicon` DISABLE KEYS */;
INSERT INTO `html_glyphicon` VALUES (' fa-clock-o','Klok'),('fa-heart','Hart'),('fa-lightbulb-o','Lamp'),('fa-moon-o','Maan'),('fa-music','Muziek'),('fa-power-off','Stopcontact'),('fa-sun-o','Zon');
/*!40000 ALTER TABLE `html_glyphicon` ENABLE KEYS */;
UNLOCK TABLES;

--
-- Table structure for table `html_space`
--

DROP TABLE IF EXISTS `html_space`;
/*!40101 SET @saved_cs_client     = @@character_set_client */;
/*!40101 SET character_set_client = utf8 */;
CREATE TABLE `html_space` (
  `id` int(5) NOT NULL AUTO_INCREMENT,
  `name` varchar(50) NOT NULL,
  `html_verdiep` int(5) NOT NULL,
  `hidden` tinyint(1) NOT NULL DEFAULT '0',
  PRIMARY KEY (`id`)
) ENGINE=InnoDB AUTO_INCREMENT=21 DEFAULT CHARSET=latin1;
/*!40101 SET character_set_client = @saved_cs_client */;

--
-- Dumping data for table `html_space`
--

LOCK TABLES `html_space` WRITE;
/*!40000 ALTER TABLE `html_space` DISABLE KEYS */;
INSERT INTO `html_space` VALUES (1,'Living',2,0),(2,'Keuken',2,0),(3,'Kelder',1,0),(5,'Buiten',5,0),(6,'Badkamer',3,0),(7,'Slaapkamer 1',3,0),(8,'Eetplaats',2,0),(9,'Berging',2,0),(10,'Gang',2,0),(11,'Slaapkamer 2',3,0),(12,'Slaapkamer 3',3,0),(13,'Gang',3,0),(16,'UIT',2,1),(17,'Uit',3,1),(18,'Wc',2,0),(19,'Wc',3,0);
/*!40000 ALTER TABLE `html_space` ENABLE KEYS */;
UNLOCK TABLES;

--
-- Table structure for table `html_vButton`
--

DROP TABLE IF EXISTS `html_vButton`;
/*!40101 SET @saved_cs_client     = @@character_set_client */;
/*!40101 SET character_set_client = utf8 */;
CREATE TABLE `html_vButton` (
  `id` int(5) NOT NULL AUTO_INCREMENT,
  `naam` varchar(32) NOT NULL,
  `omschrijving` text,
  `glyphicon` varchar(32) NOT NULL,
  `favoriet` int(1) NOT NULL DEFAULT '0',
  `space_id` int(5) NOT NULL,
  `verdiep_id` int(5) DEFAULT NULL,
  `button_soort_id` int(5) NOT NULL,
  `vButton_id` int(5) NOT NULL,
  `volgorde` int(5) DEFAULT NULL,
  PRIMARY KEY (`id`),
  UNIQUE KEY `space_id` (`space_id`,`button_soort_id`,`volgorde`),
  KEY `id` (`id`)
) ENGINE=InnoDB AUTO_INCREMENT=39 DEFAULT CHARSET=latin1;
/*!40101 SET character_set_client = @saved_cs_client */;

--
-- Dumping data for table `html_vButton`
--

LOCK TABLES `html_vButton` WRITE;
/*!40000 ALTER TABLE `html_vButton` DISABLE KEYS */;
INSERT INTO `html_vButton` VALUES (1,'Straatkant',NULL,'fa-lightbulb-o',0,5,5,1,137,NULL),(2,'Zijdeur',NULL,'fa-lightbulb-o',0,5,5,1,138,NULL),(3,'Terras',NULL,'fa-lightbulb-o',0,5,5,1,17,NULL),(4,'Alles uit',NULL,'fa-lightbulb-o',1,16,2,1,29,1),(5,'UIT',NULL,'fa-lightbulb-o',0,3,1,1,141,1),(6,'UIT',NULL,'fa-lightbulb-o',0,16,2,1,142,2),(7,'Rolluik Schuifraam - OP',NULL,'fa-sun-o',0,2,2,5,15,1),(8,'Rolluik Schuifraam - AF',NULL,'fa-moon-o',0,2,2,5,14,2),(9,'Rolluik grootvast raam - OP',NULL,'fa-sun-o',0,2,2,5,13,3),(10,'Rolluik grootvast raam - AF',NULL,'fa-moon-o',0,2,2,5,12,4),(12,'Spots',NULL,'fa-lightbulb-o',0,9,2,1,18,NULL),(13,'Trap',NULL,'fa-lightbulb-o',0,3,1,1,149,2),(14,'Jokes Kelder',NULL,'fa-lightbulb-o',0,3,1,1,1,5),(15,'Achterkelder',NULL,'fa-lightbulb-o',0,3,1,1,150,3),(16,'Verlichting',NULL,'fa-lightbulb-o',0,6,3,1,47,5),(17,'Lavabo',NULL,'fa-lightbulb-o',0,6,3,1,46,6),(18,'Wijnkelder',NULL,'fa-lightbulb-o',0,3,1,1,148,4),(19,'Spots',NULL,'fa-lightbulb-o',1,1,2,1,27,NULL),(20,'Spots',NULL,'fa-lightbulb-o',1,10,2,1,23,NULL),(21,'Wand',NULL,'fa-lightbulb-o',0,13,3,1,147,2),(22,'Dessing',NULL,'fa-lightbulb-o',0,7,3,1,43,3),(23,'Spots',NULL,'fa-heart',0,7,3,1,42,4),(24,'Wand',NULL,'fa-lightbulb-o',0,10,2,1,147,NULL),(25,'Spot Eiland',NULL,'fa-lightbulb-o',0,2,NULL,1,20,NULL),(26,'Spots',NULL,'fa-lightbulb-o',0,2,NULL,1,24,NULL),(27,'Luster',NULL,'fa-lightbulb-o',0,8,NULL,1,25,NULL),(28,'Spots',NULL,'fa-lightbulb-o',0,8,NULL,1,26,NULL),(29,'UIT',NULL,'fa-lightbulb-o',0,17,NULL,1,36,1),(30,'Spots',NULL,'fa-lightbulb-o',0,13,NULL,1,38,NULL),(31,'Spots',NULL,'fa-lightbulb-o',0,11,NULL,1,40,NULL),(32,'Spots',NULL,'fa-lightbulb-o',0,12,NULL,1,39,NULL),(33,'Spots',NULL,'fa-lightbulb-o',0,18,NULL,1,21,NULL),(34,'Sports',NULL,'fa-lightbulb-o',0,19,NULL,1,41,NULL);
/*!40000 ALTER TABLE `html_vButton` ENABLE KEYS */;
UNLOCK TABLES;

--
-- Table structure for table `html_vButton_soort`
--

DROP TABLE IF EXISTS `html_vButton_soort`;
/*!40101 SET @saved_cs_client     = @@character_set_client */;
/*!40101 SET character_set_client = utf8 */;
CREATE TABLE `html_vButton_soort` (
  `id` int(5) NOT NULL AUTO_INCREMENT,
  `naam` varchar(35) NOT NULL,
  PRIMARY KEY (`id`)
) ENGINE=InnoDB AUTO_INCREMENT=6 DEFAULT CHARSET=latin1;
/*!40101 SET character_set_client = @saved_cs_client */;

--
-- Dumping data for table `html_vButton_soort`
--

LOCK TABLES `html_vButton_soort` WRITE;
/*!40000 ALTER TABLE `html_vButton_soort` DISABLE KEYS */;
INSERT INTO `html_vButton_soort` VALUES (1,'vButton_soort1'),(2,'vButton_soort2'),(3,'vButton_soort3'),(4,'vButton_soort4'),(5,'vButton_soort5');
/*!40000 ALTER TABLE `html_vButton_soort` ENABLE KEYS */;
UNLOCK TABLES;

--
-- Table structure for table `html_verdiep`
--

DROP TABLE IF EXISTS `html_verdiep`;
/*!40101 SET @saved_cs_client     = @@character_set_client */;
/*!40101 SET character_set_client = utf8 */;
CREATE TABLE `html_verdiep` (
  `id` int(5) NOT NULL AUTO_INCREMENT,
  `naam` varchar(32) NOT NULL,
  PRIMARY KEY (`id`)
) ENGINE=InnoDB AUTO_INCREMENT=7 DEFAULT CHARSET=latin1;
/*!40101 SET character_set_client = @saved_cs_client */;

--
-- Dumping data for table `html_verdiep`
--

LOCK TABLES `html_verdiep` WRITE;
/*!40000 ALTER TABLE `html_verdiep` DISABLE KEYS */;
INSERT INTO `html_verdiep` VALUES (0,'Favorieten'),(1,'Kelder'),(2,'Gelijkvloers'),(3,'Verdiep'),(4,'Zolder'),(5,'Buiten');
/*!40000 ALTER TABLE `html_verdiep` ENABLE KEYS */;
UNLOCK TABLES;

--
-- Table structure for table `html_versions`
--

DROP TABLE IF EXISTS `html_versions`;
/*!40101 SET @saved_cs_client     = @@character_set_client */;
/*!40101 SET character_set_client = utf8 */;
CREATE TABLE `html_versions` (
  `filename` varchar(254) NOT NULL,
  `version` varchar(10) NOT NULL,
  PRIMARY KEY (`filename`)
) ENGINE=InnoDB DEFAULT CHARSET=latin1;
/*!40101 SET character_set_client = @saved_cs_client */;

--
-- Dumping data for table `html_versions`
--

LOCK TABLES `html_versions` WRITE;
/*!40000 ALTER TABLE `html_versions` DISABLE KEYS */;
/*!40000 ALTER TABLE `html_versions` ENABLE KEYS */;
UNLOCK TABLES;
/*!40103 SET TIME_ZONE=@OLD_TIME_ZONE */;

/*!40101 SET SQL_MODE=@OLD_SQL_MODE */;
/*!40014 SET FOREIGN_KEY_CHECKS=@OLD_FOREIGN_KEY_CHECKS */;
/*!40014 SET UNIQUE_CHECKS=@OLD_UNIQUE_CHECKS */;
/*!40101 SET CHARACTER_SET_CLIENT=@OLD_CHARACTER_SET_CLIENT */;
/*!40101 SET CHARACTER_SET_RESULTS=@OLD_CHARACTER_SET_RESULTS */;
/*!40101 SET COLLATION_CONNECTION=@OLD_COLLATION_CONNECTION */;
/*!40111 SET SQL_NOTES=@OLD_SQL_NOTES */;

-- Dump completed on 2017-04-05 14:56:04
